date,close,high,low,open,volume,adjClose,adjHigh,adjLow,adjOpen,adjVolume,divCash,splitFactor
2021-08-24T00:00:00.000Z,11.57,11.9,11.11,11.3,1279000,11.57,11.9,11.11,11.3,1279000,0.0,1.0
2021-08-25T00:00:00.000Z,10.43,11.6,9.98,11.5805,5599989,10.43,11.6,9.98,11.5805,5599989,0.0,1.0
2021-08-26T00:00:00.000Z,9.96,11.04,9.96,11.0,3293796,9.96,11.04,9.96,11.0,3293796,0.0,1.0
2021-08-27T00:00:00.000Z,10.35,10.5,9.5,10.3141,2825007,10.35,10.5,9.5,10.3141,2825007,0.0,1.0
2021-08-30T00:00:00.000Z,10.03,10.51,9.8,10.5,2264954,10.03,10.51,9.8,10.5,2264954,0.0,1.0
2021-08-31T00:00:00.000Z,10.03,10.2,9.66,10.0213,2193768,10.03,10.2,9.66,10.0213,2193768,0.0,1.0
2021-09-01T00:00:00.000Z,10.14,10.2997,9.98,10.18,1942575,10.14,10.2997,9.98,10.18,1942575,0.0,1.0
2021-09-02T00:00:00.000Z,11.63,12.27,10.0,10.2,4163167,11.63,12.27,10.0,10.2,4163167,0.0,1.0
2021-09-03T00:00:00.000Z,13.52,14.34,11.01,11.75,10006086,13.52,14.34,11.01,11.75,10006086,0.0,1.0
2021-09-07T00:00:00.000Z,14.5,16.46,14.07,15.02,15909102,14.5,16.46,14.07,15.02,15909102,0.0,1.0
2021-09-08T00:00:00.000Z,15.09,15.7,14.5102,14.745,6717263,15.09,15.7,14.5102,14.745,6717263,0.0,1.0
2021-09-09T00:00:00.000Z,20.72,21.34,16.27,16.27,43147806,20.72,21.34,16.27,16.27,43147806,0.0,1.0
2021-09-10T00:00:00.000Z,18.69,20.87,17.81,20.28,13557431,18.69,20.87,17.81,20.28,13557431,0.0,1.0
2021-09-13T00:00:00.000Z,15.4,18.41,15.03,18.38,8788112,15.4,18.41,15.03,18.38,8788112,0.0,1.0
2021-09-14T00:00:00.000Z,15.78,16.97,15.13,15.89,5329524,15.78,16.97,15.13,15.89,5329524,0.0,1.0
2021-09-15T00:00:00.000Z,15.39,16.05,14.62,16.0353,4028470,15.39,16.05,14.62,16.0353,4028470,0.0,1.0
2021-09-16T00:00:00.000Z,15.89,16.59,14.91,15.58,3616555,15.89,16.59,14.91,15.58,3616555,0.0,1.0
2021-09-17T00:00:00.000Z,15.41,16.15,15.28,16.15,3880128,15.41,16.15,15.28,16.15,3880128,0.0,1.0
2021-09-20T00:00:00.000Z,14.81,15.1,14.03,14.78,3338878,14.81,15.1,14.03,14.78,3338878,0.0,1.0
2021-09-21T00:00:00.000Z,14.47,15.09,14.29,14.86,2417832,14.47,15.09,14.29,14.86,2417832,0.0,1.0
2021-09-22T00:00:00.000Z,14.54,15.4,14.5,15.0,2151474,14.54,15.4,14.5,15.0,2151474,0.0,1.0
2021-09-23T00:00:00.000Z,14.15,14.7666,14.05,14.54,2109370,14.15,14.7666,14.05,14.54,2109370,0.0,1.0
2021-09-24T00:00:00.000Z,14.05,14.25,13.46,14.18,1952433,14.05,14.25,13.46,14.18,1952433,0.0,1.0
2021-09-27T00:00:00.000Z,14.32,15.33,14.16,14.3,3192176,14.32,15.33,14.16,14.3,3192176,0.0,1.0
2021-09-28T00:00:00.000Z,15.56,15.63,14.25,14.25,3804628,15.56,15.63,14.25,14.25,3804628,0.0,1.0
2021-09-29T00:00:00.000Z,14.66,16.39,14.59,15.9727,3193721,14.66,16.39,14.59,15.9727,3193721,0.0,1.0
2021-09-30T00:00:00.000Z,16.13,16.19,15.02,15.36,3539648,16.13,16.19,15.02,15.36,3539648,0.0,1.0
2021-10-01T00:00:00.000Z,15.98,16.43,14.9398,15.9,4469971,15.98,16.43,14.9398,15.9,4469971,0.0,1.0
2021-10-04T00:00:00.000Z,14.79,16.04,14.36,15.97,3945755,14.79,16.04,14.36,15.97,3945755,0.0,1.0
2021-10-05T00:00:00.000Z,14.59,14.98,14.05,14.83,2761433,14.59,14.98,14.05,14.83,2761433,0.0,1.0
2021-10-06T00:00:00.000Z,14.0,14.68,13.8,14.4,4949225,14.0,14.68,13.8,14.4,4949225,0.0,1.0
2021-10-07T00:00:00.000Z,15.46,15.908,14.65,15.25,9600181,15.46,15.908,14.65,15.25,9600181,0.0,1.0
2021-10-08T00:00:00.000Z,14.71,16.0999,13.825,14.0,16596453,14.71,16.0999,13.825,14.0,16596453,0.0,1.0
2021-10-11T00:00:00.000Z,14.05,14.68,14.0,14.6639,3243112,14.05,14.68,14.0,14.6639,3243112,0.0,1.0
2021-10-12T00:00:00.000Z,13.5,14.24,13.48,14.11,4044289,13.5,14.24,13.48,14.11,4044289,0.0,1.0
2021-10-13T00:00:00.000Z,13.25,13.88,12.88,13.53,4602803,13.25,13.88,12.88,13.53,4602803,0.0,1.0
2021-10-14T00:00:00.000Z,13.57,13.7,13.031,13.4,2786717,13.57,13.7,13.031,13.4,2786717,0.0,1.0
2021-10-15T00:00:00.000Z,12.8,13.75,12.705,13.6739,5226078,12.8,13.75,12.705,13.6739,5226078,0.0,1.0
2021-10-18T00:00:00.000Z,12.4,12.88,12.2,12.8,5214702,12.4,12.88,12.2,12.8,5214702,0.0,1.0
2021-10-19T00:00:00.000Z,12.36,12.699,12.3,12.6786,4421766,12.36,12.699,12.3,12.6786,4421766,0.0,1.0
2021-10-20T00:00:00.000Z,12.72,13.14,12.31,12.4211,4869820,12.72,13.14,12.31,12.4211,4869820,0.0,1.0
2021-10-21T00:00:00.000Z,12.66,13.08,12.48,12.73,3277132,12.66,13.08,12.48,12.73,3277132,0.0,1.0
2021-10-22T00:00:00.000Z,13.0,13.05,12.3001,12.64,2401410,13.0,13.05,12.3001,12.64,2401410,0.0,1.0
2021-10-25T00:00:00.000Z,12.99,13.13,12.77,13.0035,1929249,12.99,13.13,12.77,13.0035,1929249,0.0,1.0
2021-10-26T00:00:00.000Z,13.22,13.8164,12.95,13.05,2831936,13.22,13.8164,12.95,13.05,2831936,0.0,1.0
2021-10-27T00:00:00.000Z,12.84,13.22,12.73,13.1858,1351879,12.84,13.22,12.73,13.1858,1351879,0.0,1.0
2021-10-28T00:00:00.000Z,13.37,13.55,12.6649,12.97,2080847,13.37,13.55,12.6649,12.97,2080847,0.0,1.0
2021-10-29T00:00:00.000Z,14.05,14.14,13.24,13.29,1991701,14.05,14.14,13.24,13.29,1991701,0.0,1.0
2021-11-01T00:00:00.000Z,14.26,14.57,13.95,14.4262,2034427,14.26,14.57,13.95,14.4262,2034427,0.0,1.0
2021-11-02T00:00:00.000Z,14.25,14.49,14.02,14.45,1433220,14.25,14.49,14.02,14.45,1433220,0.0,1.0
2021-11-03T00:00:00.000Z,14.91,14.98,14.16,14.16,2744090,14.91,14.98,14.16,14.16,2744090,0.0,1.0
2021-11-04T00:00:00.000Z,15.74,16.24,14.91,15.2,4414024,15.74,16.24,14.91,15.2,4414024,0.0,1.0
2021-11-05T00:00:00.000Z,15.51,16.1428,15.4,15.94,2010669,15.51,16.1428,15.4,15.94,2010669,0.0,1.0
2021-11-08T00:00:00.000Z,14.94,15.84,14.89,15.79,1760678,14.94,15.84,14.89,15.79,1760678,0.0,1.0
2021-11-09T00:00:00.000Z,14.84,15.0462,14.13,14.87,2780598,14.84,15.0462,14.13,14.87,2780598,0.0,1.0
2021-11-10T00:00:00.000Z,14.59,15.27,14.32,14.6836,2462792,14.59,15.27,14.32,14.6836,2462792,0.0,1.0
2021-11-11T00:00:00.000Z,14.23,14.59,13.91,14.2,1825782,14.23,14.59,13.91,14.2,1825782,0.0,1.0
2021-11-12T00:00:00.000Z,14.37,14.48,14.08,14.29,1976917,14.37,14.48,14.08,14.29,1976917,0.0,1.0
2021-11-15T00:00:00.000Z,14.29,14.7,14.06,14.48,2520073,14.29,14.7,14.06,14.48,2520073,0.0,1.0
2021-11-16T00:00:00.000Z,15.48,15.71,14.49,14.69,6544935,15.48,15.71,14.49,14.69,6544935,0.0,1.0
2021-11-17T00:00:00.000Z,16.28,16.75,15.4,15.7,7449333,16.28,16.75,15.4,15.7,7449333,0.0,1.0
2021-11-18T00:00:00.000Z,15.48,16.33,14.71,16.2,6573605,15.48,16.33,14.71,16.2,6573605,0.0,1.0
2021-11-19T00:00:00.000Z,15.5,16.2,15.26,15.28,3058539,15.5,16.2,15.26,15.28,3058539,0.0,1.0
2021-11-22T00:00:00.000Z,15.91,16.36,15.26,15.57,4427323,15.91,16.36,15.26,15.57,4427323,0.0,1.0
2021-11-23T00:00:00.000Z,14.55,15.8299,14.11,15.81,4565632,14.55,15.8299,14.11,15.81,4565632,0.0,1.0
2021-11-24T00:00:00.000Z,15.51,15.58,14.2,14.28,2969983,15.51,15.58,14.2,14.28,2969983,0.0,1.0
2021-11-26T00:00:00.000Z,15.45,15.59,14.76,14.82,1946466,15.45,15.59,14.76,14.82,1946466,0.0,1.0
2021-11-29T00:00:00.000Z,15.46,15.79,15.12,15.51,3522837,15.46,15.79,15.12,15.51,3522837,0.0,1.0
2021-11-30T00:00:00.000Z,15.86,16.41,14.99,15.83,10249424,15.86,16.41,14.99,15.83,10249424,0.0,1.0
2021-12-01T00:00:00.000Z,15.19,16.97,15.16,15.91,7972387,15.19,16.97,15.16,15.91,7972387,0.0,1.0
2021-12-02T00:00:00.000Z,14.81,15.22,14.07,15.15,4761631,14.81,15.22,14.07,15.15,4761631,0.0,1.0
2021-12-03T00:00:00.000Z,13.0,15.11,12.74,15.0,8057642,13.0,15.11,12.74,15.0,8057642,0.0,1.0
2021-12-06T00:00:00.000Z,12.28,13.11,12.0,12.9743,5911541,12.28,13.11,12.0,12.9743,5911541,0.0,1.0
2021-12-07T00:00:00.000Z,12.9,13.12,12.55,12.62,3265792,12.9,13.12,12.55,12.62,3265792,0.0,1.0
2021-12-08T00:00:00.000Z,12.94,13.2158,12.81,13.02,2973027,12.94,13.2158,12.81,13.02,2973027,0.0,1.0
2021-12-09T00:00:00.000Z,12.53,13.15,12.42,12.99,3085384,12.53,13.15,12.42,12.99,3085384,0.0,1.0
2021-12-10T00:00:00.000Z,12.76,13.03,12.5,12.5,2680471,12.76,13.03,12.5,12.5,2680471,0.0,1.0
2021-12-13T00:00:00.000Z,11.76,13.01,11.68,12.71,4394257,11.76,13.01,11.68,12.71,4394257,0.0,1.0
2021-12-14T00:00:00.000Z,12.57,12.8,11.55,11.59,3153188,12.57,12.8,11.55,11.59,3153188,0.0,1.0
2021-12-15T00:00:00.000Z,12.63,12.8468,12.04,12.55,2266151,12.63,12.8468,12.04,12.55,2266151,0.0,1.0
2021-12-16T00:00:00.000Z,12.39,13.1401,12.24,12.79,2764402,12.39,13.1401,12.24,12.79,2764402,0.0,1.0
2021-12-17T00:00:00.000Z,12.18,12.75,11.48,12.24,12944560,12.18,12.75,11.48,12.24,12944560,0.0,1.0
2021-12-20T00:00:00.000Z,11.89,12.1799,11.62,11.91,2151625,11.89,12.1799,11.62,11.91,2151625,0.0,1.0
2021-12-21T00:00:00.000Z,12.19,12.355,11.81,11.97,1445422,12.19,12.355,11.81,11.97,1445422,0.0,1.0
2021-12-22T00:00:00.000Z,12.36,12.4,12.031,12.16,1358952,12.36,12.4,12.031,12.16,1358952,0.0,1.0
2021-12-23T00:00:00.000Z,12.0,12.325,11.84,12.02,3167027,12.0,12.325,11.84,12.02,3167027,0.0,1.0
2021-12-27T00:00:00.000Z,11.9,12.225,11.71,12.14,2292704,11.9,12.225,11.71,12.14,2292704,0.0,1.0
2021-12-28T00:00:00.000Z,11.73,11.95,11.57,11.9,2497100,11.73,11.95,11.57,11.9,2497100,0.0,1.0
2021-12-29T00:00:00.000Z,11.33,11.7999,11.07,11.73,3205692,11.33,11.7999,11.07,11.73,3205692,0.0,1.0
2021-12-30T00:00:00.000Z,12.03,12.1,11.3,11.3,2217848,12.03,12.1,11.3,11.3,2217848,0.0,1.0
2021-12-31T00:00:00.000Z,12.28,12.47,11.98,12.06,1532307,12.28,12.47,11.98,12.06,1532307,0.0,1.0
2022-01-03T00:00:00.000Z,12.2,12.33,11.9,12.305,1287205,12.2,12.33,11.9,12.305,1287205,0.0,1.0
2022-01-04T00:00:00.000Z,11.65,12.2869,11.5,12.18,2199528,11.65,12.2869,11.5,12.18,2199528,0.0,1.0
2022-01-05T00:00:00.000Z,10.7,11.65,10.63,11.6161,3087368,10.7,11.65,10.63,11.6161,3087368,0.0,1.0
2022-01-06T00:00:00.000Z,10.65,10.94,10.11,10.81,2914038,10.65,10.94,10.11,10.81,2914038,0.0,1.0
2022-01-07T00:00:00.000Z,10.86,11.08,10.56,10.6776,2108621,10.86,11.08,10.56,10.6776,2108621,0.0,1.0
2022-01-10T00:00:00.000Z,10.46,10.84,10.06,10.78,2315129,10.46,10.84,10.06,10.78,2315129,0.0,1.0
2022-01-11T00:00:00.000Z,10.86,11.025,10.3,10.44,1684033,10.86,11.025,10.3,10.44,1684033,0.0,1.0
2022-01-12T00:00:00.000Z,11.45,11.735,11.2,11.62,3372751,11.45,11.735,11.2,11.62,3372751,0.0,1.0
2022-01-13T00:00:00.000Z,10.64,11.62,10.605,11.61,2534530,10.64,11.62,10.605,11.61,2534530,0.0,1.0
2022-01-14T00:00:00.000Z,10.42,10.68,10.05,10.5,2485011,10.42,10.68,10.05,10.5,2485011,0.0,1.0
2022-01-18T00:00:00.000Z,10.09,10.575,10.06,10.265,2463985,10.09,10.575,10.06,10.265,2463985,0.0,1.0
2022-01-19T00:00:00.000Z,9.85,10.32,9.69,10.21,2623543,9.85,10.32,9.69,10.21,2623543,0.0,1.0
2022-01-20T00:00:00.000Z,9.73,10.42,9.7,10.01,2008958,9.73,10.42,9.7,10.01,2008958,0.0,1.0
2022-01-21T00:00:00.000Z,9.0,9.7099,8.95,9.585,3210028,9.0,9.7099,8.95,9.585,3210028,0.0,1.0
2022-01-24T00:00:00.000Z,8.72,8.83,8.0,8.47,5392558,8.72,8.83,8.0,8.47,5392558,0.0,1.0
2022-01-25T00:00:00.000Z,8.49,8.82,8.23,8.58,2515903,8.49,8.82,8.23,8.58,2515903,0.0,1.0
2022-01-26T00:00:00.000Z,8.48,9.058,8.35,8.74,2850931,8.48,9.058,8.35,8.74,2850931,0.0,1.0
2022-01-27T00:00:00.000Z,8.1,8.71,7.94,8.64,5495875,8.1,8.71,7.94,8.64,5495875,0.0,1.0
2022-01-28T00:00:00.000Z,8.24,8.325,7.55,8.08,4508167,8.24,8.325,7.55,8.08,4508167,0.0,1.0
2022-01-31T00:00:00.000Z,9.04,9.16,8.3663,8.3663,2799068,9.04,9.16,8.3663,8.3663,2799068,0.0,1.0
2022-02-01T00:00:00.000Z,9.49,9.684,9.08,9.55,2765339,9.49,9.684,9.08,9.55,2765339,0.0,1.0
2022-02-02T00:00:00.000Z,9.42,9.56,9.16,9.55,1824966,9.42,9.56,9.16,9.55,1824966,0.0,1.0
2022-02-03T00:00:00.000Z,9.03,9.2992,8.95,9.1328,1495962,9.03,9.2992,8.95,9.1328,1495962,0.0,1.0
2022-02-04T00:00:00.000Z,9.49,9.575,8.85,9.03,1426011,9.49,9.575,8.85,9.03,1426011,0.0,1.0
2022-02-07T00:00:00.000Z,9.57,9.87,9.471,9.5287,1682897,9.57,9.87,9.471,9.5287,1682897,0.0,1.0
2022-02-08T00:00:00.000Z,10.01,10.055,9.38,9.52,1782263,10.01,10.055,9.38,9.52,1782263,0.0,1.0
2022-02-09T00:00:00.000Z,10.64,10.679,10.06,10.15,2471176,10.64,10.679,10.06,10.15,2471176,0.0,1.0
2022-02-10T00:00:00.000Z,10.28,11.11,10.2,10.21,2823873,10.28,11.11,10.2,10.21,2823873,0.0,1.0
2022-02-11T00:00:00.000Z,9.63,10.54,9.46,10.46,2432420,9.63,10.54,9.46,10.46,2432420,0.0,1.0
2022-02-14T00:00:00.000Z,9.48,9.85,9.27,9.59,1685796,9.48,9.85,9.27,9.59,1685796,0.0,1.0
2022-02-15T00:00:00.000Z,10.16,10.23,9.64,9.68,1682231,10.16,10.23,9.64,9.68,1682231,0.0,1.0
2022-02-16T00:00:00.000Z,9.94,10.11,9.76,10.1,1969454,9.94,10.11,9.76,10.1,1969454,0.0,1.0
2022-02-17T00:00:00.000Z,9.06,9.97,9.02,9.77,2320703,9.06,9.97,9.02,9.77,2320703,0.0,1.0
2022-02-18T00:00:00.000Z,8.94,9.285,8.72,9.08,2417900,8.94,9.285,8.72,9.08,2417900,0.0,1.0
2022-02-22T00:00:00.000Z,8.73,9.05,8.59,8.74,2705694,8.73,9.05,8.59,8.74,2705694,0.0,1.0
2022-02-23T00:00:00.000Z,8.63,9.3599,8.56,9.07,3021303,8.63,9.3599,8.56,9.07,3021303,0.0,1.0
2022-02-24T00:00:00.000Z,9.89,9.91,8.2,8.32,4007937,9.89,9.91,8.2,8.32,4007937,0.0,1.0
2022-02-25T00:00:00.000Z,9.45,9.94,9.26,9.83,3599309,9.45,9.94,9.26,9.83,3599309,0.0,1.0
2022-02-28T00:00:00.000Z,9.54,9.64,9.06,9.53,5433278,9.54,9.64,9.06,9.53,5433278,0.0,1.0
2022-03-01T00:00:00.000Z,9.1,9.76,8.93,9.65,5479975,9.1,9.76,8.93,9.65,5479975,0.0,1.0
2022-03-02T00:00:00.000Z,9.05,9.31,8.85,9.0,3918942,9.05,9.31,8.85,9.0,3918942,0.0,1.0
2022-03-03T00:00:00.000Z,8.48,8.98,8.25,8.94,8379867,8.48,8.98,8.25,8.94,8379867,0.0,1.0
2022-03-04T00:00:00.000Z,8.4,8.59,8.24,8.48,3406215,8.4,8.59,8.24,8.48,3406215,0.0,1.0
2022-03-07T00:00:00.000Z,8.37,8.83,8.3,8.52,7589609,8.37,8.83,8.3,8.52,7589609,0.0,1.0
2022-03-08T00:00:00.000Z,8.51,8.801,8.305,8.41,6612208,8.51,8.801,8.305,8.41,6612208,0.0,1.0
2022-03-09T00:00:00.000Z,8.83,9.05,8.5112,8.68,6396414,8.83,9.05,8.5112,8.68,6396414,0.0,1.0
2022-03-10T00:00:00.000Z,8.74,8.97,8.5112,8.6,4210324,8.74,8.97,8.5112,8.6,4210324,0.0,1.0
2022-03-11T00:00:00.000Z,8.39,8.99,8.37,8.9,4539585,8.39,8.99,8.37,8.9,4539585,0.0,1.0
2022-03-14T00:00:00.000Z,8.53,8.68,8.265,8.35,7406253,8.53,8.68,8.265,8.35,7406253,0.0,1.0
2022-03-15T00:00:00.000Z,7.92,8.73,7.72,8.51,8386359,7.92,8.73,7.72,8.51,8386359,0.0,1.0
2022-03-16T00:00:00.000Z,8.6,8.68,7.82,7.89,11239996,8.6,8.68,7.82,7.89,11239996,0.0,1.0
2022-03-17T00:00:00.000Z,8.65,8.805,8.47,8.53,14658338,8.65,8.805,8.47,8.53,14658338,0.0,1.0
2022-03-18T00:00:00.000Z,9.07,9.49,8.571,8.73,21398078,9.07,9.49,8.571,8.73,21398078,0.0,1.0
2022-03-21T00:00:00.000Z,8.83,9.22,8.77,9.01,7988987,8.83,9.22,8.77,9.01,7988987,0.0,1.0
2022-03-22T00:00:00.000Z,9.0,9.39,8.77,8.77,7024296,9.0,9.39,8.77,8.77,7024296,0.0,1.0
2022-03-23T00:00:00.000Z,8.76,9.09,8.72,8.96,3580095,8.76,9.09,8.72,8.96,3580095,0.0,1.0
2022-03-24T00:00:00.000Z,8.64,8.895,8.515,8.76,2505865,8.64,8.895,8.515,8.76,2505865,0.0,1.0
2022-03-25T00:00:00.000Z,7.96,8.6,7.835,8.6,6237021,7.96,8.6,7.835,8.6,6237021,0.0,1.0
2022-03-28T00:00:00.000Z,7.64,8.085,7.51,8.075,5616031,7.64,8.085,7.51,8.075,5616031,0.0,1.0
2022-03-29T00:00:00.000Z,8.29,8.39,7.67,7.73,4002429,8.29,8.39,7.67,7.73,4002429,0.0,1.0
2022-03-30T00:00:00.000Z,8.1,8.475,7.965,8.24,3286956,8.1,8.475,7.965,8.24,3286956,0.0,1.0
2022-03-31T00:00:00.000Z,8.05,8.35,7.99,8.12,2731049,8.05,8.35,7.99,8.12,2731049,0.0,1.0
2022-04-01T00:00:00.000Z,7.92,8.11,7.76,8.05,2601297,7.92,8.11,7.76,8.05,2601297,0.0,1.0
2022-04-04T00:00:00.000Z,8.3,8.395,7.95,8.02,3841363,8.3,8.395,7.95,8.02,3841363,0.0,1.0
2022-04-05T00:00:00.000Z,8.2,8.35,8.08,8.33,3374428,8.2,8.35,8.08,8.33,3374428,0.0,1.0
2022-04-06T00:00:00.000Z,8.06,8.2664,7.98,8.14,4171608,8.06,8.2664,7.98,8.14,4171608,0.0,1.0
2022-04-07T00:00:00.000Z,7.93,8.09,7.74,8.02,4507986,7.93,8.09,7.74,8.02,4507986,0.0,1.0
2022-04-08T00:00:00.000Z,7.8,8.01,7.6713,7.87,2954801,7.8,8.01,7.6713,7.87,2954801,0.0,1.0
2022-04-11T00:00:00.000Z,7.83,7.95,7.65,7.79,2441580,7.83,7.95,7.65,7.79,2441580,0.0,1.0
2022-04-12T00:00:00.000Z,8.2,8.34,7.96,7.96,3420752,8.2,8.34,7.96,7.96,3420752,0.0,1.0
2022-04-13T00:00:00.000Z,8.38,8.42,8.04,8.22,2916623,8.38,8.42,8.04,8.22,2916623,0.0,1.0
2022-04-14T00:00:00.000Z,8.42,8.48,8.25,8.35,2262582,8.42,8.48,8.25,8.35,2262582,0.0,1.0
2022-04-18T00:00:00.000Z,7.98,8.38,7.93,8.38,2206916,7.98,8.38,7.93,8.38,2206916,0.0,1.0
2022-04-19T00:00:00.000Z,8.44,8.465,7.95,8.02,2797739,8.44,8.465,7.95,8.02,2797739,0.0,1.0
2022-04-20T00:00:00.000Z,8.46,8.535,8.204,8.47,3311754,8.46,8.535,8.204,8.47,3311754,0.0,1.0
2022-04-21T00:00:00.000Z,7.87,8.74,7.825,8.58,4182608,7.87,8.74,7.825,8.58,4182608,0.0,1.0
2022-04-22T00:00:00.000Z,7.71,8.09,7.57,7.95,3065196,7.71,8.09,7.57,7.95,3065196,0.0,1.0
2022-04-25T00:00:00.000Z,7.83,7.885,7.47,7.62,3307010,7.83,7.885,7.47,7.62,3307010,0.0,1.0
2022-04-26T00:00:00.000Z,7.24,7.79,7.23,7.76,2697047,7.24,7.79,7.23,7.76,2697047,0.0,1.0
2022-04-27T00:00:00.000Z,7.32,7.45,7.15,7.272,2522072,7.32,7.45,7.15,7.272,2522072,0.0,1.0
2022-04-28T00:00:00.000Z,7.51,7.53,6.98,7.41,3466734,7.51,7.53,6.98,7.41,3466734,0.0,1.0
2022-04-29T00:00:00.000Z,7.38,7.82,7.34,7.48,2410088,7.38,7.82,7.34,7.48,2410088,0.0,1.0
2022-05-02T00:00:00.000Z,7.46,7.485,7.08,7.39,2591270,7.46,7.485,7.08,7.39,2591270,0.0,1.0
2022-05-03T00:00:00.000Z,7.11,7.6,7.02,7.5,3598897,7.11,7.6,7.02,7.5,3598897,0.0,1.0
2022-05-04T00:00:00.000Z,7.06,7.13,6.585,7.12,4360780,7.06,7.13,6.585,7.12,4360780,0.0,1.0
2022-05-05T00:00:00.000Z,6.78,7.1,6.61,6.98,2694796,6.78,7.1,6.61,6.98,2694796,0.0,1.0
2022-05-06T00:00:00.000Z,6.52,6.72,6.26,6.72,3086954,6.52,6.72,6.26,6.72,3086954,0.0,1.0
2022-05-09T00:00:00.000Z,5.67,6.3905,5.61,6.25,4957492,5.67,6.3905,5.61,6.25,4957492,0.0,1.0
2022-05-10T00:00:00.000Z,5.51,5.96,5.38,5.84,4038426,5.51,5.96,5.38,5.84,4038426,0.0,1.0
2022-05-11T00:00:00.000Z,5.17,5.635,5.105,5.49,4750971,5.17,5.635,5.105,5.49,4750971,0.0,1.0
2022-05-12T00:00:00.000Z,5.19,5.39,4.9373,5.02,5433595,5.19,5.39,4.9373,5.02,5433595,0.0,1.0
2022-05-13T00:00:00.000Z,5.86,5.99,5.31,5.35,6332525,5.86,5.99,5.31,5.35,6332525,0.0,1.0
2022-05-16T00:00:00.000Z,5.41,5.9,5.39,5.812,5343773,5.41,5.9,5.39,5.812,5343773,0.0,1.0
2022-05-17T00:00:00.000Z,5.66,5.79,5.33,5.51,4119798,5.66,5.79,5.33,5.51,4119798,0.0,1.0
2022-05-18T00:00:00.000Z,4.7,5.34,4.63,5.32,12769853,4.7,5.34,4.63,5.32,12769853,0.0,1.0
2022-05-19T00:00:00.000Z,4.75,4.88,4.5499,4.68,6447245,4.75,4.88,4.5499,4.68,6447245,0.0,1.0
2022-05-20T00:00:00.000Z,4.73,4.9,4.5,4.85,5182488,4.73,4.9,4.5,4.85,5182488,0.0,1.0
2022-05-23T00:00:00.000Z,4.58,4.785,4.5,4.75,5860554,4.58,4.785,4.5,4.75,5860554,0.0,1.0
2022-05-24T00:00:00.000Z,4.37,4.56,4.33,4.52,4122538,4.37,4.56,4.33,4.52,4122538,0.0,1.0
2022-05-25T00:00:00.000Z,4.58,4.64,4.2716,4.37,5137668,4.58,4.64,4.2716,4.37,5137668,0.0,1.0
2022-05-26T00:00:00.000Z,4.66,4.83,4.59,4.62,3403733,4.66,4.83,4.59,4.62,3403733,0.0,1.0
2022-05-27T00:00:00.000Z,5.0,5.1588,4.73,4.74,4981580,5.0,5.1588,4.73,4.74,4981580,0.0,1.0
2022-05-31T00:00:00.000Z,4.76,5.15,4.69,5.09,5785208,4.76,5.15,4.69,5.09,5785208,0.0,1.0
2022-06-01T00:00:00.000Z,4.71,4.83,4.59,4.73,4402643,4.71,4.83,4.59,4.73,4402643,0.0,1.0
2022-06-02T00:00:00.000Z,4.92,5.14,4.75,4.75,5958136,4.92,5.14,4.75,4.75,5958136,0.0,1.0
2022-06-03T00:00:00.000Z,4.9,4.96,4.76,4.86,5059033,4.9,4.96,4.76,4.86,5059033,0.0,1.0
2022-06-06T00:00:00.000Z,4.98,5.14,4.85,5.11,5424261,4.98,5.14,4.85,5.11,5424261,0.0,1.0
2022-06-07T00:00:00.000Z,4.84,4.935,4.65,4.86,4945379,4.84,4.935,4.65,4.86,4945379,0.0,1.0
2022-06-08T00:00:00.000Z,4.85,4.9,4.66,4.81,4459754,4.85,4.9,4.66,4.81,4459754,0.0,1.0
2022-06-09T00:00:00.000Z,4.44,4.83,4.43,4.83,5430089,4.44,4.83,4.43,4.83,5430089,0.0,1.0
2022-06-10T00:00:00.000Z,4.22,4.43,4.19,4.33,5419094,4.22,4.43,4.19,4.33,5419094,0.0,1.0
2022-06-13T00:00:00.000Z,4.09,4.17,3.93,4.05,6252016,4.09,4.17,3.93,4.05,6252016,0.0,1.0
2022-06-14T00:00:00.000Z,4.0,4.16,3.93,4.13,4188365,4.0,4.16,3.93,4.13,4188365,0.0,1.0
2022-06-15T00:00:00.000Z,4.33,4.385,4.02,4.1,4989652,4.33,4.385,4.02,4.1,4989652,0.0,1.0
2022-06-16T00:00:00.000Z,4.14,4.255,4.07,4.23,5210439,4.14,4.255,4.07,4.23,5210439,0.0,1.0
2022-06-17T00:00:00.000Z,4.18,4.32,4.09,4.21,11889824,4.18,4.32,4.09,4.21,11889824,0.0,1.0
2022-06-21T00:00:00.000Z,4.15,4.42,4.14,4.39,4988942,4.15,4.42,4.14,4.39,4988942,0.0,1.0
2022-06-22T00:00:00.000Z,4.09,4.29,4.07,4.12,4079825,4.09,4.29,4.07,4.12,4079825,0.0,1.0
2022-06-23T00:00:00.000Z,4.07,4.205,3.98,4.14,4934123,4.07,4.205,3.98,4.14,4934123,0.0,1.0
2022-06-24T00:00:00.000Z,4.1,4.29,4.08,4.14,29129031,4.1,4.29,4.08,4.14,29129031,0.0,1.0
2022-06-27T00:00:00.000Z,4.09,4.31,4.03,4.17,4202215,4.09,4.31,4.03,4.17,4202215,0.0,1.0
2022-06-28T00:00:00.000Z,3.96,4.2198,3.96,4.19,4358682,3.96,4.2198,3.96,4.19,4358682,0.0,1.0
2022-06-29T00:00:00.000Z,3.72,4.0,3.66,3.96,5416557,3.72,4.0,3.66,3.96,5416557,0.0,1.0
2022-06-30T00:00:00.000Z,3.79,3.84,3.53,3.7,4976706,3.79,3.84,3.53,3.7,4976706,0.0,1.0
2022-07-01T00:00:00.000Z,3.8,3.9,3.7,3.79,2876785,3.8,3.9,3.7,3.79,2876785,0.0,1.0
2022-07-05T00:00:00.000Z,3.97,3.97,3.585,3.82,4284301,3.97,3.97,3.585,3.82,4284301,0.0,1.0
2022-07-06T00:00:00.000Z,3.95,3.99,3.8,3.96,3155196,3.95,3.99,3.8,3.96,3155196,0.0,1.0
2022-07-07T00:00:00.000Z,4.16,4.1701,3.94,4.06,3115453,4.16,4.1701,3.94,4.06,3115453,0.0,1.0
2022-07-08T00:00:00.000Z,4.25,4.3,4.055,4.13,3123485,4.25,4.3,4.055,4.13,3123485,0.0,1.0
2022-07-11T00:00:00.000Z,3.97,4.24,3.95,4.21,2395421,3.97,4.24,3.95,4.21,2395421,0.0,1.0
2022-07-12T00:00:00.000Z,3.99,4.0587,3.93,3.97,1951746,3.99,4.0587,3.93,3.97,1951746,0.0,1.0
2022-07-13T00:00:00.000Z,4.01,4.0689,3.85,3.93,1865885,4.01,4.0689,3.85,3.93,1865885,0.0,1.0
2022-07-14T00:00:00.000Z,3.91,4.05,3.86,3.99,2107077,3.91,4.05,3.86,3.99,2107077,0.0,1.0
2022-07-15T00:00:00.000Z,3.95,4.0,3.76,4.0,2176301,3.95,4.0,3.76,4.0,2176301,0.0,1.0
2022-07-18T00:00:00.000Z,4.06,4.205,3.96,4.01,2275972,4.06,4.205,3.96,4.01,2275972,0.0,1.0
2022-07-19T00:00:00.000Z,4.09,4.17,4.01,4.11,2893400,4.09,4.17,4.01,4.11,2893400,0.0,1.0
2022-07-20T00:00:00.000Z,4.37,4.42,4.095,4.1,3165106,4.37,4.42,4.095,4.1,3165106,0.0,1.0
2022-07-21T00:00:00.000Z,4.36,4.51,4.21,4.37,1936975,4.36,4.51,4.21,4.37,1936975,0.0,1.0
2022-07-22T00:00:00.000Z,4.05,4.4314,4.03,4.4,1859106,4.05,4.4314,4.03,4.4,1859106,0.0,1.0
2022-07-25T00:00:00.000Z,4.13,4.14,3.97,4.07,1729760,4.13,4.14,3.97,4.07,1729760,0.0,1.0
2022-07-26T00:00:00.000Z,4.1,4.13,4.0,4.09,2315756,4.1,4.13,4.0,4.09,2315756,0.0,1.0
2022-07-27T00:00:00.000Z,4.28,4.29,4.11,4.17,2062027,4.28,4.29,4.11,4.17,2062027,0.0,1.0
2022-07-28T00:00:00.000Z,4.55,4.55,4.21,4.4,2935584,4.55,4.55,4.21,4.4,2935584,0.0,1.0
2022-07-29T00:00:00.000Z,4.67,4.68,4.4,4.56,2742301,4.67,4.68,4.4,4.56,2742301,0.0,1.0
2022-08-01T00:00:00.000Z,4.73,4.78,4.49,4.66,2751914,4.73,4.78,4.49,4.66,2751914,0.0,1.0
2022-08-02T00:00:00.000Z,4.72,4.85,4.67,4.69,2414944,4.72,4.85,4.67,4.69,2414944,0.0,1.0
2022-08-03T00:00:00.000Z,5.15,5.17,4.74,4.84,3714879,5.15,5.17,4.74,4.84,3714879,0.0,1.0
2022-08-04T00:00:00.000Z,5.45,5.595,5.085,5.23,5339930,5.45,5.595,5.085,5.23,5339930,0.0,1.0
2022-08-05T00:00:00.000Z,5.34,5.43,5.145,5.32,2925617,5.34,5.43,5.145,5.32,2925617,0.0,1.0
2022-08-08T00:00:00.000Z,5.45,5.75,5.3809,5.5,3594267,5.45,5.75,5.3809,5.5,3594267,0.0,1.0
2022-08-09T00:00:00.000Z,5.44,5.535,5.22,5.43,3608860,5.44,5.535,5.22,5.43,3608860,0.0,1.0
2022-08-10T00:00:00.000Z,5.79,5.925,5.6,5.76,5215376,5.79,5.925,5.6,5.76,5215376,0.0,1.0
2022-08-11T00:00:00.000Z,5.86,6.23,5.84,6.18,5927834,5.86,6.23,5.84,6.18,5927834,0.0,1.0
2022-08-12T00:00:00.000Z,7.1,7.15,5.61,6.0,8655900,7.1,7.15,5.61,6.0,8655900,0.0,1.0
2022-08-15T00:00:00.000Z,6.61,7.29,6.58,7.18,7151973,6.61,7.29,6.58,7.18,7151973,0.0,1.0
2022-08-16T00:00:00.000Z,6.61,6.755,6.29,6.58,5626227,6.61,6.755,6.29,6.58,5626227,0.0,1.0
2022-08-17T00:00:00.000Z,6.02,6.47,5.94,6.47,5060064,6.02,6.47,5.94,6.47,5060064,0.0,1.0
2022-08-18T00:00:00.000Z,6.0,6.115,5.71,6.11,5040273,6.0,6.115,5.71,6.11,5040273,0.0,1.0
2022-08-19T00:00:00.000Z,5.74,5.81,5.58,5.75,3295747,5.74,5.81,5.58,5.75,3295747,0.0,1.0
2022-08-22T00:00:00.000Z,5.49,5.69,5.39,5.5,4783384,5.49,5.69,5.39,5.5,4783384,0.0,1.0
2022-08-23T00:00:00.000Z,5.35,5.535,5.31,5.51,4953100,5.35,5.535,5.31,5.51,4953100,0.0,1.0
2022-08-24T00:00:00.000Z,5.35,5.37,5.14,5.25,5845868,5.35,5.37,5.14,5.25,5845868,0.0,1.0
2022-08-25T00:00:00.000Z,5.51,5.565,5.32,5.36,3638403,5.51,5.565,5.32,5.36,3638403,0.0,1.0
2022-08-26T00:00:00.000Z,5.3,5.54,5.2,5.53,2691260,5.3,5.54,5.2,5.53,2691260,0.0,1.0
2022-08-29T00:00:00.000Z,5.13,5.23,5.04,5.18,2964871,5.13,5.23,5.04,5.18,2964871,0.0,1.0
2022-08-30T00:00:00.000Z,5.13,5.21,4.95,5.21,3414308,5.13,5.21,4.95,5.21,3414308,0.0,1.0
2022-08-31T00:00:00.000Z,5.5,5.91,5.38,5.43,6814072,5.5,5.91,5.38,5.43,6814072,0.0,1.0
2022-09-01T00:00:00.000Z,5.27,5.58,5.12,5.5,4504721,5.27,5.58,5.12,5.5,4504721,0.0,1.0
2022-09-02T00:00:00.000Z,5.32,5.46,5.16,5.4,4269943,5.32,5.46,5.16,5.4,4269943,0.0,1.0
2022-09-06T00:00:00.000Z,5.26,5.4,5.23,5.39,2792239,5.26,5.4,5.23,5.39,2792239,0.0,1.0
2022-09-07T00:00:00.000Z,5.59,5.68,5.2243,5.26,4454309,5.59,5.68,5.2243,5.26,4454309,0.0,1.0
2022-09-08T00:00:00.000Z,5.56,5.58,5.34,5.49,2956394,5.56,5.58,5.34,5.49,2956394,0.0,1.0
2022-09-09T00:00:00.000Z,5.59,5.785,5.56,5.61,3575830,5.59,5.785,5.56,5.61,3575830,0.0,1.0
2022-09-12T00:00:00.000Z,5.72,5.72,5.57,5.65,2998446,5.72,5.72,5.57,5.65,2998446,0.0,1.0
2022-09-13T00:00:00.000Z,5.64,5.69,5.38,5.48,3928923,5.64,5.69,5.38,5.48,3928923,0.0,1.0
2022-09-14T00:00:00.000Z,5.71,5.71,5.38,5.68,2784276,5.71,5.71,5.38,5.68,2784276,0.0,1.0
2022-09-15T00:00:00.000Z,5.1,5.93,5.04,5.65,11927878,5.1,5.93,5.04,5.65,11927878,0.0,1.0
2022-09-16T00:00:00.000Z,5.05,5.12,4.9007,5.0,8818903,5.05,5.12,4.9007,5.0,8818903,0.0,1.0
2022-09-19T00:00:00.000Z,5.08,5.125,4.908,4.97,3573696,5.08,5.125,4.908,4.97,3573696,0.0,1.0
2022-09-20T00:00:00.000Z,5.05,5.1267,4.99,5.08,2816271,5.05,5.1267,4.99,5.08,2816271,0.0,1.0
2022-09-21T00:00:00.000Z,4.92,5.18,4.9,5.13,4143440,4.92,5.18,4.9,5.13,4143440,0.0,1.0
2022-09-22T00:00:00.000Z,4.31,4.9499,4.3,4.92,10445228,4.31,4.9499,4.3,4.92,10445228,0.0,1.0
2022-09-23T00:00:00.000Z,4.12,4.21,3.97,4.2,6160872,4.12,4.21,3.97,4.2,6160872,0.0,1.0
2022-09-26T00:00:00.000Z,4.23,4.33,4.08,4.1,4953318,4.23,4.33,4.08,4.1,4953318,0.0,1.0
2022-09-27T00:00:00.000Z,4.19,4.4,4.16,4.39,4715730,4.19,4.4,4.16,4.39,4715730,0.0,1.0
2022-09-28T00:00:00.000Z,4.38,4.4299,4.15,4.23,3364903,4.38,4.4299,4.15,4.23,3364903,0.0,1.0
2022-09-29T00:00:00.000Z,4.16,4.32,4.09,4.29,3739177,4.16,4.32,4.09,4.29,3739177,0.0,1.0
2022-09-30T00:00:00.000Z,4.07,4.2673,4.07,4.16,2975267,4.07,4.2673,4.07,4.16,2975267,0.0,1.0
2022-10-03T00:00:00.000Z,4.31,4.37,4.01,4.14,4025161,4.31,4.37,4.01,4.14,4025161,0.0,1.0
2022-10-04T00:00:00.000Z,4.62,4.63,4.44,4.44,3203878,4.62,4.63,4.44,4.44,3203878,0.0,1.0
2022-10-05T00:00:00.000Z,4.61,4.66,4.49,4.53,2709866,4.61,4.66,4.49,4.53,2709866,0.0,1.0
2022-10-06T00:00:00.000Z,4.62,4.78,4.57,4.57,2181964,4.62,4.78,4.57,4.57,2181964,0.0,1.0
2022-10-07T00:00:00.000Z,4.36,4.56,4.33,4.51,2434315,4.36,4.56,4.33,4.51,2434315,0.0,1.0
2022-10-10T00:00:00.000Z,4.3,4.4,4.17,4.36,2136523,4.3,4.4,4.17,4.36,2136523,0.0,1.0
2022-10-11T00:00:00.000Z,4.19,4.33,4.16,4.28,3005286,4.19,4.33,4.16,4.28,3005286,0.0,1.0
2022-10-12T00:00:00.000Z,4.0,4.15,3.77,4.14,5588046,4.0,4.15,3.77,4.14,5588046,0.0,1.0
2022-10-13T00:00:00.000Z,4.11,4.175,3.81,3.85,2763641,4.11,4.175,3.81,3.85,2763641,0.0,1.0
2022-10-14T00:00:00.000Z,3.95,4.23,3.92,4.2,2690271,3.95,4.23,3.92,4.2,2690271,0.0,1.0
2022-10-17T00:00:00.000Z,4.22,4.29,4.01,4.01,2297573,4.22,4.29,4.01,4.01,2297573,0.0,1.0
2022-10-18T00:00:00.000Z,4.35,4.49,4.25,4.43,3411994,4.35,4.49,4.25,4.43,3411994,0.0,1.0
2022-10-19T00:00:00.000Z,4.19,4.36,4.16,4.26,2119034,4.19,4.36,4.16,4.26,2119034,0.0,1.0
2022-10-20T00:00:00.000Z,4.21,4.38,4.18,4.19,2141822,4.21,4.38,4.18,4.19,2141822,0.0,1.0
2022-10-21T00:00:00.000Z,4.24,4.265,4.065,4.21,1743901,4.24,4.265,4.065,4.21,1743901,0.0,1.0
2022-10-24T00:00:00.000Z,4.25,4.3,4.0801,4.3,1892216,4.25,4.3,4.0801,4.3,1892216,0.0,1.0
2022-10-25T00:00:00.000Z,4.63,4.7382,4.25,4.28,3068163,4.63,4.7382,4.25,4.28,3068163,0.0,1.0
2022-10-26T00:00:00.000Z,4.69,4.97,4.5201,4.58,3034851,4.69,4.97,4.5201,4.58,3034851,0.0,1.0
2022-10-27T00:00:00.000Z,4.79,4.86,4.72,4.72,2304502,4.79,4.86,4.72,4.72,2304502,0.0,1.0
2022-10-28T00:00:00.000Z,5.13,5.23,4.745,4.79,3057288,5.13,5.23,4.745,4.79,3057288,0.0,1.0
2022-10-31T00:00:00.000Z,5.09,5.175,4.84,5.12,2280228,5.09,5.175,4.84,5.12,2280228,0.0,1.0
2022-11-01T00:00:00.000Z,5.2,5.365,5.13,5.25,2114636,5.2,5.365,5.13,5.25,2114636,0.0,1.0
2022-11-02T00:00:00.000Z,4.89,5.29,4.8817,5.29,2684994,4.89,5.29,4.8817,5.29,2684994,0.0,1.0
2022-11-03T00:00:00.000Z,4.94,5.275,4.81,4.83,3168160,4.94,5.275,4.81,4.83,3168160,0.0,1.0
2022-11-04T00:00:00.000Z,5.18,5.209,4.95,5.16,2586034,5.18,5.209,4.95,5.16,2586034,0.0,1.0
2022-11-07T00:00:00.000Z,5.09,5.26,4.982,5.25,2485240,5.09,5.26,4.982,5.25,2485240,0.0,1.0
2022-11-08T00:00:00.000Z,5.11,5.22,4.99,5.13,2018973,5.11,5.22,4.99,5.13,2018973,0.0,1.0
2022-11-09T00:00:00.000Z,4.74,5.08,4.73,5.07,4027218,4.74,5.08,4.73,5.07,4027218,0.0,1.0
2022-11-10T00:00:00.000Z,5.31,5.71,5.16,5.16,5296559,5.31,5.71,5.16,5.16,5296559,0.0,1.0
2022-11-11T00:00:00.000Z,5.63,5.7599,5.22,5.31,4028330,5.63,5.7599,5.22,5.31,4028330,0.0,1.0
2022-11-14T00:00:00.000Z,5.16,5.58,5.15,5.56,3348969,5.16,5.58,5.15,5.56,3348969,0.0,1.0
2022-11-15T00:00:00.000Z,5.22,5.43,5.115,5.36,4809176,5.22,5.43,5.115,5.36,4809176,0.0,1.0
2022-11-16T00:00:00.000Z,4.685,5.08,4.65,5.05,5543970,4.685,5.08,4.65,5.05,5543970,0.0,1.0
2022-11-17T00:00:00.000Z,4.52,4.66,4.358,4.65,3553400,4.52,4.66,4.358,4.65,3553400,0.0,1.0
2022-11-18T00:00:00.000Z,4.6,4.71,4.425,4.7,2205709,4.6,4.71,4.425,4.7,2205709,0.0,1.0
2022-11-21T00:00:00.000Z,4.32,4.65,4.29,4.61,3719993,4.32,4.65,4.29,4.61,3719993,0.0,1.0
2022-11-22T00:00:00.000Z,4.36,4.41,4.2,4.32,2867496,4.36,4.41,4.2,4.32,2867496,0.0,1.0
2022-11-23T00:00:00.000Z,4.4,4.445,4.32,4.36,3245839,4.4,4.445,4.32,4.36,3245839,0.0,1.0
2022-11-25T00:00:00.000Z,4.18,4.5525,4.14,4.5,3209948,4.18,4.5525,4.14,4.5,3209948,0.0,1.0
2022-11-28T00:00:00.000Z,4.01,4.2885,4.0,4.17,3845317,4.01,4.2885,4.0,4.17,3845317,0.0,1.0
2022-11-29T00:00:00.000Z,3.96,4.11,3.94,4.04,4053871,3.96,4.11,3.94,4.04,4053871,0.0,1.0
2022-11-30T00:00:00.000Z,4.19,4.2,3.88,3.99,4943654,4.19,4.2,3.88,3.99,4943654,0.0,1.0
2022-12-01T00:00:00.000Z,4.22,4.28,4.07,4.28,3203493,4.22,4.28,4.07,4.28,3203493,0.0,1.0
2022-12-02T00:00:00.000Z,4.25,4.2901,4.07,4.16,2498652,4.25,4.2901,4.07,4.16,2498652,0.0,1.0
2022-12-05T00:00:00.000Z,4.15,4.34,4.1,4.26,3028721,4.15,4.34,4.1,4.26,3028721,0.0,1.0
2022-12-06T00:00:00.000Z,4.0,4.1879,3.93,4.17,3437538,4.0,4.1879,3.93,4.17,3437538,0.0,1.0
2022-12-07T00:00:00.000Z,3.94,4.04,3.87,4.005,3145312,3.94,4.04,3.87,4.005,3145312,0.0,1.0
2022-12-08T00:00:00.000Z,3.98,4.22,3.92,3.95,2720731,3.98,4.22,3.92,3.95,2720731,0.0,1.0
2022-12-09T00:00:00.000Z,4.0,4.14,3.94,3.99,1816183,4.0,4.14,3.94,3.99,1816183,0.0,1.0
2022-12-12T00:00:00.000Z,4.15,4.21,4.005,4.03,2277794,4.15,4.21,4.005,4.03,2277794,0.0,1.0
2022-12-13T00:00:00.000Z,4.17,4.5,4.0714,4.35,3899549,4.17,4.5,4.0714,4.35,3899549,0.0,1.0
2022-12-14T00:00:00.000Z,4.12,4.23,4.06,4.15,3473453,4.12,4.23,4.06,4.15,3473453,0.0,1.0
2022-12-15T00:00:00.000Z,4.03,4.12,4.0,4.05,2861529,4.03,4.12,4.0,4.05,2861529,0.0,1.0
2022-12-16T00:00:00.000Z,4.07,4.13,3.95,4.045,6088739,4.07,4.13,3.95,4.045,6088739,0.0,1.0
2022-12-19T00:00:00.000Z,3.9,4.08,3.79,4.08,4313468,3.9,4.08,3.79,4.08,4313468,0.0,1.0
2022-12-20T00:00:00.000Z,3.72,3.965,3.67,3.85,5952551,3.72,3.965,3.67,3.85,5952551,0.0,1.0
2022-12-21T00:00:00.000Z,3.74,3.89,3.66,3.775,3780582,3.74,3.89,3.66,3.775,3780582,0.0,1.0
2022-12-22T00:00:00.000Z,3.73,3.74,3.61,3.72,2611856,3.73,3.74,3.61,3.72,2611856,0.0,1.0
2022-12-23T00:00:00.000Z,3.77,3.78,3.64,3.74,1903793,3.77,3.78,3.64,3.74,1903793,0.0,1.0
2022-12-27T00:00:00.000Z,3.56,3.77,3.555,3.76,3028071,3.56,3.77,3.555,3.76,3028071,0.0,1.0
2022-12-28T00:00:00.000Z,3.58,3.69,3.48,3.55,3218122,3.58,3.69,3.48,3.55,3218122,0.0,1.0
2022-12-29T00:00:00.000Z,3.69,3.8,3.535,3.61,3993137,3.69,3.8,3.535,3.61,3993137,0.0,1.0
2022-12-30T00:00:00.000Z,3.77,3.805,3.59,3.62,2692128,3.77,3.805,3.59,3.62,2692128,0.0,1.0
2023-01-03T00:00:00.000Z,3.87,4.05,3.775,3.85,3877170,3.87,4.05,3.775,3.85,3877170,0.0,1.0
2023-01-04T00:00:00.000Z,4.04,4.05,3.865,3.9,2126809,4.04,4.05,3.865,3.9,2126809,0.0,1.0
2023-01-05T00:00:00.000Z,4.17,4.26,3.905,3.97,2669945,4.17,4.26,3.905,3.97,2669945,0.0,1.0
2023-01-06T00:00:00.000Z,4.23,4.25,4.05,4.2,3133154,4.23,4.25,4.05,4.2,3133154,0.0,1.0
2023-01-09T00:00:00.000Z,4.22,4.36,4.205,4.25,2333309,4.22,4.36,4.205,4.25,2333309,0.0,1.0
2023-01-10T00:00:00.000Z,4.38,4.38,4.09,4.19,1998697,4.38,4.38,4.09,4.19,1998697,0.0,1.0
2023-01-11T00:00:00.000Z,4.51,4.525,4.335,4.4,2464110,4.51,4.525,4.335,4.4,2464110,0.0,1.0
2023-01-12T00:00:00.000Z,4.83,4.83,4.48,4.52,3219015,4.83,4.83,4.48,4.52,3219015,0.0,1.0
2023-01-13T00:00:00.000Z,4.97,5.11,4.72,4.73,6578391,4.97,5.11,4.72,4.73,6578391,0.0,1.0
2023-01-17T00:00:00.000Z,5.48,5.5199,4.98,5.05,5193956,5.48,5.5199,4.98,5.05,5193956,0.0,1.0
2023-01-18T00:00:00.000Z,5.17,5.68,5.085,5.545,6095115,5.17,5.68,5.085,5.545,6095115,0.0,1.0
2023-01-19T00:00:00.000Z,4.79,5.12,4.69,5.04,4902575,4.79,5.12,4.69,5.04,4902575,0.0,1.0
2023-01-20T00:00:00.000Z,4.78,4.95,4.68,4.92,4876297,4.78,4.95,4.68,4.92,4876297,0.0,1.0
2023-01-23T00:00:00.000Z,4.82,4.84,4.61,4.82,4296082,4.82,4.84,4.61,4.82,4296082,0.0,1.0
2023-01-24T00:00:00.000Z,4.97,5.0206,4.73,4.81,3699918,4.97,5.0206,4.73,4.81,3699918,0.0,1.0
2023-01-25T00:00:00.000Z,4.91,5.0,4.72,4.97,4641852,4.91,5.0,4.72,4.97,4641852,0.0,1.0
2023-01-26T00:00:00.000Z,4.88,5.045,4.7888,5.0,3034484,4.88,5.045,4.7888,5.0,3034484,0.0,1.0
2023-01-27T00:00:00.000Z,4.94,5.04,4.81,4.86,3663653,4.94,5.04,4.81,4.86,3663653,0.0,1.0
2023-01-30T00:00:00.000Z,4.88,4.965,4.7804,4.87,2232380,4.88,4.965,4.7804,4.87,2232380,0.0,1.0
2023-01-31T00:00:00.000Z,4.97,4.985,4.83,4.89,2053935,4.97,4.985,4.83,4.89,2053935,0.0,1.0
2023-02-01T00:00:00.000Z,4.98,5.17,4.89,4.9,6022427,4.98,5.17,4.89,4.9,6022427,0.0,1.0
2023-02-02T00:00:00.000Z,5.24,5.295,5.01,5.08,7139921,5.24,5.295,5.01,5.08,7139921,0.0,1.0
2023-02-03T00:00:00.000Z,5.31,5.47,5.06,5.12,6147343,5.31,5.47,5.06,5.12,6147343,0.0,1.0
2023-02-06T00:00:00.000Z,4.92,5.28,4.9,5.22,4660207,4.92,5.28,4.9,5.22,4660207,0.0,1.0
2023-02-07T00:00:00.000Z,4.9,4.95,4.7028,4.92,4685428,4.9,4.95,4.7028,4.92,4685428,0.0,1.0
2023-02-08T00:00:00.000Z,4.79,4.92,4.75,4.85,2148013,4.79,4.92,4.75,4.85,2148013,0.0,1.0
2023-02-09T00:00:00.000Z,4.55,4.98,4.53,4.85,3479767,4.55,4.98,4.53,4.85,3479767,0.0,1.0
2023-02-10T00:00:00.000Z,4.77,4.79,4.485,4.53,4209162,4.77,4.79,4.485,4.53,4209162,0.0,1.0
2023-02-13T00:00:00.000Z,4.71,4.84,4.635,4.84,2050153,4.71,4.84,4.635,4.84,2050153,0.0,1.0
2023-02-14T00:00:00.000Z,4.96,4.99,4.6,4.7,3523489,4.96,4.99,4.6,4.7,3523489,0.0,1.0
2023-02-15T00:00:00.000Z,5.16,5.23,4.9,4.92,4621192,5.16,5.23,4.9,4.92,4621192,0.0,1.0
2023-02-16T00:00:00.000Z,4.97,5.16,4.96,5.02,2740534,4.97,5.16,4.96,5.02,2740534,0.0,1.0
2023-02-17T00:00:00.000Z,4.91,4.95,4.74,4.94,3420353,4.91,4.95,4.74,4.94,3420353,0.0,1.0
2023-02-21T00:00:00.000Z,4.58,4.89,4.532,4.82,3117430,4.58,4.89,4.532,4.82,3117430,0.0,1.0
2023-02-22T00:00:00.000Z,4.62,4.73,4.54,4.6,4199478,4.62,4.73,4.54,4.6,4199478,0.0,1.0
2023-02-23T00:00:00.000Z,4.55,4.77,4.5201,4.69,3013526,4.55,4.77,4.5201,4.69,3013526,0.0,1.0
2023-02-24T00:00:00.000Z,4.45,4.5,4.38,4.5,2598483,4.45,4.5,4.38,4.5,2598483,0.0,1.0
2023-02-27T00:00:00.000Z,4.59,4.67,4.47,4.525,3518763,4.59,4.67,4.47,4.525,3518763,0.0,1.0
2023-02-28T00:00:00.000Z,4.5,4.64,4.48,4.55,4606099,4.5,4.64,4.48,4.55,4606099,0.0,1.0
2023-03-01T00:00:00.000Z,4.4,4.515,4.1715,4.45,6103326,4.4,4.515,4.1715,4.45,6103326,0.0,1.0
2023-03-02T00:00:00.000Z,4.24,4.355,4.18,4.35,4341914,4.24,4.355,4.18,4.35,4341914,0.0,1.0
2023-03-03T00:00:00.000Z,4.57,4.58,4.22,4.24,4576183,4.57,4.58,4.22,4.24,4576183,0.0,1.0
2023-03-06T00:00:00.000Z,4.43,4.6,4.39,4.58,3422303,4.43,4.6,4.39,4.58,3422303,0.0,1.0
2023-03-07T00:00:00.000Z,4.4,4.49,4.34,4.43,2061857,4.4,4.49,4.34,4.43,2061857,0.0,1.0
2023-03-08T00:00:00.000Z,4.29,4.395,4.26,4.39,2063151,4.29,4.395,4.26,4.39,2063151,0.0,1.0
2023-03-09T00:00:00.000Z,4.08,4.35,4.07,4.26,2924127,4.08,4.35,4.07,4.26,2924127,0.0,1.0
2023-03-10T00:00:00.000Z,3.91,4.07,3.78,4.05,6357609,3.91,4.07,3.78,4.05,6357609,0.0,1.0
2023-03-13T00:00:00.000Z,3.94,4.005,3.7,3.79,4392785,3.94,4.005,3.7,3.79,4392785,0.0,1.0
2023-03-14T00:00:00.000Z,3.89,4.0622,3.84,4.055,3162805,3.89,4.0622,3.84,4.055,3162805,0.0,1.0
2023-03-15T00:00:00.000Z,3.92,3.94,3.77,3.835,3826893,3.92,3.94,3.77,3.835,3826893,0.0,1.0
2023-03-16T00:00:00.000Z,3.96,4.0,3.77,3.86,2420834,3.96,4.0,3.77,3.86,2420834,0.0,1.0
2023-03-17T00:00:00.000Z,3.88,4.02,3.8401,3.97,3314340,3.88,4.02,3.8401,3.97,3314340,0.0,1.0
2023-03-20T00:00:00.000Z,3.85,3.95,3.8,3.9,3171467,3.85,3.95,3.8,3.9,3171467,0.0,1.0
2023-03-21T00:00:00.000Z,3.95,3.98,3.8144,3.92,2856099,3.95,3.98,3.8144,3.92,2856099,0.0,1.0
2023-03-22T00:00:00.000Z,3.85,3.99,3.85,3.92,2785725,3.85,3.99,3.85,3.92,2785725,0.0,1.0
2023-03-23T00:00:00.000Z,3.85,3.99,3.81,3.87,2563213,3.85,3.99,3.81,3.87,2563213,0.0,1.0
2023-03-24T00:00:00.000Z,3.93,3.94,3.69,3.86,4178187,3.93,3.94,3.69,3.86,4178187,0.0,1.0
2023-03-27T00:00:00.000Z,3.93,4.16,3.925,4.0,2904925,3.93,4.16,3.925,4.0,2904925,0.0,1.0
2023-03-28T00:00:00.000Z,3.89,3.98,3.85,3.92,1673084,3.89,3.98,3.85,3.92,1673084,0.0,1.0
2023-03-29T00:00:00.000Z,3.96,3.98,3.86,3.95,2634032,3.96,3.98,3.86,3.95,2634032,0.0,1.0
2023-03-30T00:00:00.000Z,3.95,4.06,3.88,3.99,2426293,3.95,4.06,3.88,3.99,2426293,0.0,1.0
2023-03-31T00:00:00.000Z,4.04,4.165,3.915,3.95,3511211,4.04,4.165,3.915,3.95,3511211,0.0,1.0
2023-04-03T00:00:00.000Z,4.04,4.1,3.96,4.05,1868846,4.04,4.1,3.96,4.05,1868846,0.0,1.0
2023-04-04T00:00:00.000Z,3.87,4.075,3.83,4.075,3308286,3.87,4.075,3.83,4.075,3308286,0.0,1.0
2023-04-05T00:00:00.000Z,3.67,3.88,3.65,3.87,4079666,3.67,3.88,3.65,3.87,4079666,0.0,1.0
2023-04-06T00:00:00.000Z,3.77,3.77,3.62,3.69,3058357,3.77,3.77,3.62,3.69,3058357,0.0,1.0
2023-04-10T00:00:00.000Z,4.0,4.01,3.72,3.73,4070698,4.0,4.01,3.72,3.73,4070698,0.0,1.0
2023-04-11T00:00:00.000Z,4.07,4.11,3.99,4.05,2798680,4.07,4.11,3.99,4.05,2798680,0.0,1.0
2023-04-12T00:00:00.000Z,3.96,4.15,3.94,4.13,2632105,3.96,4.15,3.94,4.13,2632105,0.0,1.0
2023-04-13T00:00:00.000Z,4.11,4.15,3.99,4.03,2111447,4.11,4.15,3.99,4.03,2111447,0.0,1.0
2023-04-14T00:00:00.000Z,4.02,4.1,3.935,4.09,2221941,4.02,4.1,3.935,4.09,2221941,0.0,1.0
2023-04-17T00:00:00.000Z,4.14,4.21,3.98,4.01,2401658,4.14,4.21,3.98,4.01,2401658,0.0,1.0
2023-04-18T00:00:00.000Z,4.08,4.17,4.03,4.17,2292371,4.08,4.17,4.03,4.17,2292371,0.0,1.0
2023-04-19T00:00:00.000Z,4.0,4.06,3.96,4.03,2416833,4.0,4.06,3.96,4.03,2416833,0.0,1.0
2023-04-20T00:00:00.000Z,3.95,4.0299,3.88,3.985,3870043,3.95,4.0299,3.88,3.985,3870043,0.0,1.0
2023-04-21T00:00:00.000Z,4.0,4.0107,3.93,3.95,2115637,4.0,4.0107,3.93,3.95,2115637,0.0,1.0
2023-04-24T00:00:00.000Z,3.92,4.07,3.88,4.01,2158185,3.92,4.07,3.88,4.01,2158185,0.0,1.0
2023-04-25T00:00:00.000Z,3.81,3.9,3.7623,3.88,2263507,3.81,3.9,3.7623,3.88,2263507,0.0,1.0
2023-04-26T00:00:00.000Z,3.77,3.88,3.74,3.82,2264340,3.77,3.88,3.74,3.82,2264340,0.0,1.0
2023-04-27T00:00:00.000Z,3.9,3.9,3.78,3.82,1889880,3.9,3.9,3.78,3.82,1889880,0.0,1.0
2023-04-28T00:00:00.000Z,3.92,3.945,3.84,3.87,1862033,3.92,3.945,3.84,3.87,1862033,0.0,1.0
2023-05-01T00:00:00.000Z,3.88,3.985,3.84,3.92,1657071,3.88,3.985,3.84,3.92,1657071,0.0,1.0
2023-05-02T00:00:00.000Z,3.77,3.86,3.755,3.86,2227550,3.77,3.86,3.755,3.86,2227550,0.0,1.0
2023-05-03T00:00:00.000Z,3.91,4.01,3.77,3.81,3924203,3.91,4.01,3.77,3.81,3924203,0.0,1.0
2023-05-04T00:00:00.000Z,3.88,3.93,3.83,3.9,2563427,3.88,3.93,3.83,3.9,2563427,0.0,1.0
2023-05-05T00:00:00.000Z,3.85,3.91,3.78,3.8,3309171,3.85,3.91,3.78,3.8,3309171,0.0,1.0
2023-05-08T00:00:00.000Z,3.85,3.94,3.83,3.92,4072048,3.85,3.94,3.83,3.92,4072048,0.0,1.0
2023-05-09T00:00:00.000Z,3.94,4.02,3.76,3.83,4784474,3.94,4.02,3.76,3.83,4784474,0.0,1.0
2023-05-10T00:00:00.000Z,4.12,4.2,3.85,4.05,6138672,4.12,4.2,3.85,4.05,6138672,0.0,1.0
2023-05-11T00:00:00.000Z,4.1,4.39,4.04,4.12,4852946,4.1,4.39,4.04,4.12,4852946,0.0,1.0
2023-05-12T00:00:00.000Z,4.12,4.26,4.05,4.14,3631487,4.12,4.26,4.05,4.14,3631487,0.0,1.0
2023-05-15T00:00:00.000Z,4.34,4.38,4.07,4.2,4372551,4.34,4.38,4.07,4.2,4372551,0.0,1.0
2023-05-16T00:00:00.000Z,4.28,4.36,4.22,4.22,3355852,4.28,4.36,4.22,4.22,3355852,0.0,1.0
2023-05-17T00:00:00.000Z,4.5,4.61,4.26,4.33,5290131,4.5,4.61,4.26,4.33,5290131,0.0,1.0
2023-05-18T00:00:00.000Z,4.65,4.68,4.45,4.51,4189540,4.65,4.68,4.45,4.51,4189540,0.0,1.0
2023-05-19T00:00:00.000Z,4.67,4.7,4.55,4.7,3961728,4.67,4.7,4.55,4.7,3961728,0.0,1.0
2023-05-22T00:00:00.000Z,4.95,5.015,4.69,4.7,4460160,4.95,5.015,4.69,4.7,4460160,0.0,1.0
2023-05-23T00:00:00.000Z,4.52,4.897,4.45,4.8,7344705,4.52,4.897,4.45,4.8,7344705,0.0,1.0
2023-05-24T00:00:00.000Z,4.63,4.65,4.36,4.55,4342287,4.63,4.65,4.36,4.55,4342287,0.0,1.0
2023-05-25T00:00:00.000Z,4.59,4.7,4.455,4.65,3260768,4.59,4.7,4.455,4.65,3260768,0.0,1.0
2023-05-26T00:00:00.000Z,4.45,4.6,4.38,4.59,3207745,4.45,4.6,4.38,4.59,3207745,0.0,1.0
2023-05-30T00:00:00.000Z,4.59,4.6599,4.5,4.51,2618613,4.59,4.6599,4.5,4.51,2618613,0.0,1.0
2023-05-31T00:00:00.000Z,4.58,4.61,4.47,4.56,4921420,4.58,4.61,4.47,4.56,4921420,0.0,1.0
2023-06-01T00:00:00.000Z,4.74,4.78,4.525,4.62,3076837,4.74,4.78,4.525,4.62,3076837,0.0,1.0
2023-06-02T00:00:00.000Z,4.9,4.925,4.7615,4.8,2962800,4.9,4.925,4.7615,4.8,2962800,0.0,1.0
2023-06-05T00:00:00.000Z,4.9,4.95,4.79,4.85,3029188,4.9,4.95,4.79,4.85,3029188,0.0,1.0
2023-06-06T00:00:00.000Z,5.18,5.19,4.895,4.9,3947680,5.18,5.19,4.895,4.9,3947680,0.0,1.0
2023-06-07T00:00:00.000Z,5.13,5.41,5.12,5.24,4077765,5.13,5.41,5.12,5.24,4077765,0.0,1.0
2023-06-08T00:00:00.000Z,5.28,5.28,5.04,5.14,2837316,5.28,5.28,5.04,5.14,2837316,0.0,1.0
2023-06-09T00:00:00.000Z,5.22,5.37,5.17,5.3,3178722,5.22,5.37,5.17,5.3,3178722,0.0,1.0
2023-06-12T00:00:00.000Z,5.32,5.36,5.1022,5.24,3247821,5.32,5.36,5.1022,5.24,3247821,0.0,1.0
2023-06-13T00:00:00.000Z,5.94,6.1,5.335,5.34,8253938,5.94,6.1,5.335,5.34,8253938,0.0,1.0
2023-06-14T00:00:00.000Z,5.69,6.04,5.585,5.96,5355773,5.69,6.04,5.585,5.96,5355773,0.0,1.0
2023-06-15T00:00:00.000Z,5.68,5.79,5.48,5.64,3923362,5.68,5.79,5.48,5.64,3923362,0.0,1.0
2023-06-16T00:00:00.000Z,5.6,5.825,5.48,5.8,10221101,5.6,5.825,5.48,5.8,10221101,0.0,1.0
2023-06-20T00:00:00.000Z,5.81,5.94,5.61,5.65,4317612,5.81,5.94,5.61,5.65,4317612,0.0,1.0
2023-06-21T00:00:00.000Z,5.9,5.945,5.65,5.75,3377971,5.9,5.945,5.65,5.75,3377971,0.0,1.0
2023-06-22T00:00:00.000Z,5.79,5.87,5.57,5.86,2934620,5.79,5.87,5.57,5.86,2934620,0.0,1.0
2023-06-23T00:00:00.000Z,5.54,5.7361,5.52,5.72,12060805,5.54,5.7361,5.52,5.72,12060805,0.0,1.0
2023-06-26T00:00:00.000Z,5.37,5.665,5.36,5.55,3081287,5.37,5.665,5.36,5.55,3081287,0.0,1.0
2023-06-27T00:00:00.000Z,5.5,5.525,5.31,5.38,2327561,5.5,5.525,5.31,5.38,2327561,0.0,1.0
2023-06-28T00:00:00.000Z,5.87,6.005,5.51,5.56,4342895,5.87,6.005,5.51,5.56,4342895,0.0,1.0
2023-06-29T00:00:00.000Z,5.98,6.06,5.795,5.88,3801777,5.98,6.06,5.795,5.88,3801777,0.0,1.0
2023-06-30T00:00:00.000Z,6.0,6.14,5.95,6.06,5658415,6.0,6.14,5.95,6.06,5658415,0.0,1.0
2023-07-03T00:00:00.000Z,5.98,6.065,5.94,6.03,2923926,5.98,6.065,5.94,6.03,2923926,0.0,1.0
2023-07-05T00:00:00.000Z,5.86,6.02,5.825,5.98,3347338,5.86,6.02,5.825,5.98,3347338,0.0,1.0
2023-07-06T00:00:00.000Z,5.6,5.77,5.53,5.76,2777556,5.6,5.77,5.53,5.76,2777556,0.0,1.0
2023-07-07T00:00:00.000Z,5.73,5.8,5.62,5.62,2238906,5.73,5.8,5.62,5.62,2238906,0.0,1.0
2023-07-10T00:00:00.000Z,5.97,5.98,5.68,5.7,3618474,5.97,5.98,5.68,5.7,3618474,0.0,1.0
2023-07-11T00:00:00.000Z,6.18,6.25,5.85,6.01,7450701,6.18,6.25,5.85,6.01,7450701,0.0,1.0
2023-07-12T00:00:00.000Z,6.07,6.42,5.9,6.35,5752274,6.07,6.42,5.9,6.35,5752274,0.0,1.0
2023-07-13T00:00:00.000Z,6.64,6.82,6.12,6.12,8664464,6.64,6.82,6.12,6.12,8664464,0.0,1.0
2023-07-14T00:00:00.000Z,6.32,6.84,6.285,6.73,5086681,6.32,6.84,6.285,6.73,5086681,0.0,1.0
2023-07-17T00:00:00.000Z,6.89,6.935,6.2015,6.33,4946655,6.89,6.935,6.2015,6.33,4946655,0.0,1.0
2023-07-18T00:00:00.000Z,7.83,7.8699,7.0,7.06,13228904,7.83,7.8699,7.0,7.06,13228904,0.0,1.0
2023-07-19T00:00:00.000Z,7.93,8.05,7.61,7.88,10581633,7.93,8.05,7.61,7.88,10581633,0.0,1.0
2023-07-20T00:00:00.000Z,7.81,8.03,7.56,7.86,6236487,7.81,8.03,7.56,7.86,6236487,0.0,1.0
2023-07-21T00:00:00.000Z,7.5,7.89,7.36,7.87,6228699,7.5,7.89,7.36,7.87,6228699,0.0,1.0
2023-07-24T00:00:00.000Z,7.39,7.5,7.27,7.47,4197320,7.39,7.5,7.27,7.47,4197320,0.0,1.0
2023-07-25T00:00:00.000Z,7.62,7.7899,7.52,7.52,5847527,7.62,7.7899,7.52,7.52,5847527,0.0,1.0
2023-07-26T00:00:00.000Z,7.14,7.53,6.98,7.5,7082607,7.14,7.53,6.98,7.5,7082607,0.0,1.0
2023-07-27T00:00:00.000Z,6.73,7.29,6.71,7.29,6190749,6.73,7.29,6.71,7.29,6190749,0.0,1.0
2023-07-28T00:00:00.000Z,7.1,7.13,6.85,6.85,4373152,7.1,7.13,6.85,6.85,4373152,0.0,1.0
2023-07-31T00:00:00.000Z,7.37,7.395,7.09,7.11,4816467,7.37,7.395,7.09,7.11,4816467,0.0,1.0
2023-08-01T00:00:00.000Z,7.26,7.345,7.15,7.26,2301257,7.26,7.345,7.15,7.26,2301257,0.0,1.0
2023-08-02T00:00:00.000Z,6.98,7.0995,6.805,7.08,3715805,6.98,7.0995,6.805,7.08,3715805,0.0,1.0
2023-08-03T00:00:00.000Z,7.03,7.14,6.8,6.89,2917708,7.03,7.14,6.8,6.89,2917708,0.0,1.0
2023-08-04T00:00:00.000Z,6.83,7.14,6.8004,7.05,3034410,6.83,7.14,6.8004,7.05,3034410,0.0,1.0
2023-08-07T00:00:00.000Z,6.59,6.88,6.4,6.87,4534057,6.59,6.88,6.4,6.87,4534057,0.0,1.0
2023-08-08T00:00:00.000Z,6.66,6.74,6.27,6.424,4704179,6.66,6.74,6.27,6.424,4704179,0.0,1.0
2023-08-09T00:00:00.000Z,6.45,7.49,6.15,7.36,7997675,6.45,7.49,6.15,7.36,7997675,0.0,1.0
2023-08-10T00:00:00.000Z,6.23,6.6981,6.135,6.51,4650576,6.23,6.6981,6.135,6.51,4650576,0.0,1.0
2023-08-11T00:00:00.000Z,6.32,6.385,6.12,6.15,2313176,6.32,6.385,6.12,6.15,2313176,0.0,1.0
2023-08-14T00:00:00.000Z,6.31,6.37,6.08,6.24,2358912,6.31,6.37,6.08,6.24,2358912,0.0,1.0
2023-08-15T00:00:00.000Z,6.09,6.28,6.07,6.26,2739196,6.09,6.28,6.07,6.26,2739196,0.0,1.0
2023-08-16T00:00:00.000Z,5.88,6.105,5.87,6.03,3133090,5.88,6.105,5.87,6.03,3133090,0.0,1.0
2023-08-17T00:00:00.000Z,5.56,5.95,5.55,5.9,4678236,5.56,5.95,5.55,5.9,4678236,0.0,1.0
2023-08-18T00:00:00.000Z,5.86,5.9299,5.36,5.43,4287672,5.86,5.9299,5.36,5.43,4287672,0.0,1.0
2023-08-21T00:00:00.000Z,5.88,5.98,5.82,5.94,2618672,5.88,5.98,5.82,5.94,2618672,0.0,1.0
2023-08-22T00:00:00.000Z,5.83,6.0,5.655,5.93,2379728,5.83,6.0,5.655,5.93,2379728,0.0,1.0
2023-08-23T00:00:00.000Z,5.93,6.01,5.83,5.83,2294773,5.93,6.01,5.83,5.83,2294773,0.0,1.0
2023-08-24T00:00:00.000Z,5.65,6.0794,5.6,6.03,2961239,5.65,6.0794,5.6,6.03,2961239,0.0,1.0
2023-08-25T00:00:00.000Z,5.79,5.875,5.63,5.7,2697234,5.79,5.875,5.63,5.7,2697234,0.0,1.0
2023-08-28T00:00:00.000Z,5.93,6.0299,5.831,5.88,2290727,5.93,6.0299,5.831,5.88,2290727,0.0,1.0
2023-08-29T00:00:00.000Z,6.17,6.27,5.84,5.87,2886656,6.17,6.27,5.84,5.87,2886656,0.0,1.0
2023-08-30T00:00:00.000Z,6.38,6.45,6.1199,6.16,2888646,6.38,6.45,6.1199,6.16,2888646,0.0,1.0
2023-08-31T00:00:00.000Z,6.31,6.49,6.22,6.37,3242224,6.31,6.49,6.22,6.37,3242224,0.0,1.0
2023-09-01T00:00:00.000Z,6.34,6.48,6.27,6.38,2326432,6.34,6.48,6.27,6.38,2326432,0.0,1.0
2023-09-05T00:00:00.000Z,6.53,6.595,6.29,6.31,2943792,6.53,6.595,6.29,6.31,2943792,0.0,1.0
2023-09-06T00:00:00.000Z,6.41,6.58,6.3,6.51,2040159,6.41,6.58,6.3,6.51,2040159,0.0,1.0
2023-09-07T00:00:00.000Z,6.32,6.36,6.06,6.29,2504603,6.32,6.36,6.06,6.29,2504603,0.0,1.0
2023-09-08T00:00:00.000Z,6.2,6.335,6.14,6.3,2350360,6.2,6.335,6.14,6.3,2350360,0.0,1.0
2023-09-11T00:00:00.000Z,6.04,6.35,6.03,6.26,3519954,6.04,6.35,6.03,6.26,3519954,0.0,1.0
2023-09-12T00:00:00.000Z,5.305,5.83,5.2724,5.81,12847445,5.305,5.83,5.2724,5.81,12847445,0.0,1.0
2023-09-13T00:00:00.000Z,5.365,5.48,5.23,5.465,5675191,5.365,5.48,5.23,5.465,5675191,0.0,1.0
2023-09-14T00:00:00.000Z,5.26,5.43,5.21,5.36,4963557,5.26,5.43,5.21,5.36,4963557,0.0,1.0
2023-09-15T00:00:00.000Z,5.12,5.285,5.06,5.25,13269019,5.12,5.285,5.06,5.25,13269019,0.0,1.0
2023-09-18T00:00:00.000Z,5.04,5.22,5.02,5.1,3402651,5.04,5.22,5.02,5.1,3402651,0.0,1.0
2023-09-19T00:00:00.000Z,4.66,4.7571,4.17,4.26,17140808,4.66,4.7571,4.17,4.26,17140808,0.0,1.0
2023-09-20T00:00:00.000Z,4.42,4.64,4.39,4.62,6338896,4.42,4.64,4.39,4.62,6338896,0.0,1.0
2023-09-21T00:00:00.000Z,4.48,4.57,4.25,4.34,5165065,4.48,4.57,4.25,4.34,5165065,0.0,1.0
2023-09-22T00:00:00.000Z,4.48,4.67,4.455,4.54,3695933,4.48,4.67,4.455,4.54,3695933,0.0,1.0
2023-09-25T00:00:00.000Z,4.35,4.5,4.31,4.47,4554185,4.35,4.5,4.31,4.47,4554185,0.0,1.0
2023-09-26T00:00:00.000Z,4.24,4.435,4.22,4.34,3480290,4.24,4.435,4.22,4.34,3480290,0.0,1.0
2023-09-27T00:00:00.000Z,4.3,4.33,4.19,4.2,4091295,4.3,4.33,4.19,4.2,4091295,0.0,1.0
2023-09-28T00:00:00.000Z,4.34,4.42,4.24,4.31,3361744,4.34,4.42,4.24,4.31,3361744,0.0,1.0
2023-09-29T00:00:00.000Z,4.38,4.57,4.32,4.4,3058283,4.38,4.57,4.32,4.4,3058283,0.0,1.0
2023-10-02T00:00:00.000Z,4.39,4.42,4.29,4.4,2906979,4.39,4.42,4.29,4.4,2906979,0.0,1.0
2023-10-03T00:00:00.000Z,4.17,4.37,4.13,4.35,3802053,4.17,4.37,4.13,4.35,3802053,0.0,1.0
2023-10-04T00:00:00.000Z,4.31,4.34,4.14,4.23,2565520,4.31,4.34,4.14,4.23,2565520,0.0,1.0
2023-10-05T00:00:00.000Z,4.45,4.475,4.26,4.32,2639290,4.45,4.475,4.26,4.32,2639290,0.0,1.0
2023-10-06T00:00:00.000Z,4.5,4.53,4.351,4.39,3451096,4.5,4.53,4.351,4.39,3451096,0.0,1.0
2023-10-09T00:00:00.000Z,4.62,4.65,4.41,4.41,3348766,4.62,4.65,4.41,4.41,3348766,0.0,1.0
2023-10-10T00:00:00.000Z,4.86,5.02,4.652,4.66,4345349,4.86,5.02,4.652,4.66,4345349,0.0,1.0
2023-10-11T00:00:00.000Z,4.83,5.07,4.76,4.95,3619975,4.83,5.07,4.76,4.95,3619975,0.0,1.0
2023-10-12T00:00:00.000Z,4.42,4.88,4.355,4.87,4566748,4.42,4.88,4.355,4.87,4566748,0.0,1.0
2023-10-13T00:00:00.000Z,4.29,4.48,4.23,4.46,3803410,4.29,4.48,4.23,4.46,3803410,0.0,1.0
2023-10-16T00:00:00.000Z,4.46,4.5,4.24,4.28,3162760,4.46,4.5,4.24,4.28,3162760,0.0,1.0
2023-10-17T00:00:00.000Z,4.48,4.53,4.32,4.36,2835592,4.48,4.53,4.32,4.36,2835592,0.0,1.0
2023-10-18T00:00:00.000Z,4.25,4.43,4.2,4.38,2860805,4.25,4.43,4.2,4.38,2860805,0.0,1.0
2023-10-19T00:00:00.000Z,4.21,4.345,4.19,4.29,2846709,4.21,4.345,4.19,4.29,2846709,0.0,1.0
2023-10-20T00:00:00.000Z,4.09,4.215,4.06,4.2,3146766,4.09,4.215,4.06,4.2,3146766,0.0,1.0
2023-10-23T00:00:00.000Z,4.11,4.2298,4.0,4.08,3143872,4.11,4.2298,4.0,4.08,3143872,0.0,1.0
2023-10-24T00:00:00.000Z,4.14,4.28,4.105,4.19,1977056,4.14,4.28,4.105,4.19,1977056,0.0,1.0
2023-10-25T00:00:00.000Z,4.09,4.19,4.06,4.09,2225886,4.09,4.19,4.06,4.09,2225886,0.0,1.0
2023-10-26T00:00:00.000Z,4.28,4.3479,4.19,4.21,3093817,4.28,4.3479,4.19,4.21,3093817,0.0,1.0
2023-10-27T00:00:00.000Z,4.16,4.3661,4.14,4.31,2275651,4.16,4.3661,4.14,4.31,2275651,0.0,1.0
2023-10-30T00:00:00.000Z,4.2,4.28,4.11,4.2,2317841,4.2,4.28,4.11,4.2,2317841,0.0,1.0
2023-10-31T00:00:00.000Z,4.23,4.25,4.115,4.19,1947902,4.23,4.25,4.115,4.19,1947902,0.0,1.0
2023-11-01T00:00:00.000Z,4.24,4.26,4.12,4.21,1998630,4.24,4.26,4.12,4.21,1998630,0.0,1.0
2023-11-02T00:00:00.000Z,4.59,4.64,4.33,4.33,3824968,4.59,4.64,4.33,4.33,3824968,0.0,1.0
2023-11-03T00:00:00.000Z,4.61,4.81,4.59,4.71,3381041,4.61,4.81,4.59,4.71,3381041,0.0,1.0
2023-11-06T00:00:00.000Z,4.35,4.65,4.33,4.63,2412308,4.35,4.65,4.33,4.63,2412308,0.0,1.0
2023-11-07T00:00:00.000Z,4.5,4.51,4.27,4.33,2078649,4.5,4.51,4.27,4.33,2078649,0.0,1.0
2023-11-08T00:00:00.000Z,4.36,4.52,4.35,4.52,2413468,4.36,4.52,4.35,4.52,2413468,0.0,1.0
2023-11-09T00:00:00.000Z,4.28,4.55,4.21,4.54,4978385,4.28,4.55,4.21,4.54,4978385,0.0,1.0
2023-11-10T00:00:00.000Z,4.37,4.4,4.21,4.32,2553665,4.37,4.4,4.21,4.32,2553665,0.0,1.0
2023-11-13T00:00:00.000Z,4.33,4.39,4.26,4.38,2034504,4.33,4.39,4.26,4.38,2034504,0.0,1.0
2023-11-14T00:00:00.000Z,4.32,4.64,4.2,4.5,24910167,4.32,4.64,4.2,4.5,24910167,0.0,1.0
2023-11-15T00:00:00.000Z,4.4,4.65,4.31,4.38,8002336,4.4,4.65,4.31,4.38,8002336,0.0,1.0
2023-11-16T00:00:00.000Z,4.22,4.4,4.14,4.37,4810439,4.22,4.4,4.14,4.37,4810439,0.0,1.0
2023-11-17T00:00:00.000Z,4.21,4.305,4.15,4.26,3915995,4.21,4.305,4.15,4.26,3915995,0.0,1.0
2023-11-20T00:00:00.000Z,4.31,4.39,4.26,4.29,4659262,4.31,4.39,4.26,4.29,4659262,0.0,1.0
2023-11-21T00:00:00.000Z,4.21,4.32,4.17,4.32,2836287,4.21,4.32,4.17,4.32,2836287,0.0,1.0
2023-11-22T00:00:00.000Z,4.26,4.31,4.19,4.22,2594577,4.26,4.31,4.19,4.22,2594577,0.0,1.0
2023-11-24T00:00:00.000Z,4.38,4.41,4.2,4.28,1984894,4.38,4.41,4.2,4.28,1984894,0.0,1.0
2023-11-27T00:00:00.000Z,4.27,4.41,4.25,4.37,2789111,4.27,4.41,4.25,4.37,2789111,0.0,1.0
2023-11-28T00:00:00.000Z,4.4,4.41,4.16,4.3,3847769,4.4,4.41,4.16,4.3,3847769,0.0,1.0
2023-11-29T00:00:00.000Z,4.39,4.64,4.35,4.5,4889973,4.39,4.64,4.35,4.5,4889973,0.0,1.0
2023-11-30T00:00:00.000Z,4.38,4.505,4.34,4.41,3073684,4.38,4.505,4.34,4.41,3073684,0.0,1.0
2023-12-01T00:00:00.000Z,4.46,4.555,4.36,4.4,4429178,4.46,4.555,4.36,4.4,4429178,0.0,1.0
2023-12-04T00:00:00.000Z,4.58,4.59,4.45,4.46,2843472,4.58,4.59,4.45,4.46,2843472,0.0,1.0
2023-12-05T00:00:00.000Z,4.45,4.6,4.42,4.54,3022059,4.45,4.6,4.42,4.54,3022059,0.0,1.0
2023-12-06T00:00:00.000Z,4.46,4.61,4.45,4.48,2248704,4.46,4.61,4.45,4.48,2248704,0.0,1.0
2023-12-07T00:00:00.000Z,4.7,4.71,4.465,4.51,3745456,4.7,4.71,4.465,4.51,3745456,0.0,1.0
2023-12-08T00:00:00.000Z,4.8,4.9313,4.72,4.76,3203115,4.8,4.9313,4.72,4.76,3203115,0.0,1.0
2023-12-11T00:00:00.000Z,4.66,4.84,4.6015,4.79,3222138,4.66,4.84,4.6015,4.79,3222138,0.0,1.0
2023-12-12T00:00:00.000Z,4.6,4.67,4.48,4.63,3180439,4.6,4.67,4.48,4.63,3180439,0.0,1.0
2023-12-13T00:00:00.000Z,4.93,4.93,4.53,4.6,4221488,4.93,4.93,4.53,4.6,4221488,0.0,1.0
2023-12-14T00:00:00.000Z,5.17,5.4786,5.03,5.15,6583197,5.17,5.4786,5.03,5.15,6583197,0.0,1.0
2023-12-15T00:00:00.000Z,4.61,5.07,4.6,4.99,15336496,4.61,5.07,4.6,4.99,15336496,0.0,1.0
2023-12-18T00:00:00.000Z,4.49,4.69,4.44,4.68,6468214,4.49,4.69,4.44,4.68,6468214,0.0,1.0
2023-12-19T00:00:00.000Z,4.69,4.69,4.5287,4.54,5060180,4.69,4.69,4.5287,4.54,5060180,0.0,1.0
2023-12-20T00:00:00.000Z,4.41,4.75,4.39,4.68,5020804,4.41,4.75,4.39,4.68,5020804,0.0,1.0
2023-12-21T00:00:00.000Z,4.43,4.54,4.34,4.49,8652409,4.43,4.54,4.34,4.49,8652409,0.0,1.0
2023-12-22T00:00:00.000Z,5.44,5.76,4.94,5.09,51904987,5.44,5.76,4.94,5.09,51904987,0.0,1.0
2023-12-26T00:00:00.000Z,5.64,5.83,5.3818,5.635,18716502,5.64,5.83,5.3818,5.635,18716502,0.0,1.0
2023-12-27T00:00:00.000Z,5.74,5.81,5.555,5.65,8621477,5.74,5.81,5.555,5.65,8621477,0.0,1.0
2023-12-28T00:00:00.000Z,5.79,6.1399,5.65,5.71,11186675,5.79,6.1399,5.65,5.71,11186675,0.0,1.0
2023-12-29T00:00:00.000Z,5.53,5.78,5.44,5.78,9211956,5.53,5.78,5.44,5.78,9211956,0.0,1.0
2024-01-02T00:00:00.000Z,5.31,5.57,5.27,5.45,6728259,5.31,5.57,5.27,5.45,6728259,0.0,1.0
2024-01-03T00:00:00.000Z,5.1,5.21,5.05,5.17,6560048,5.1,5.21,5.05,5.17,6560048,0.0,1.0
2024-01-04T00:00:00.000Z,5.47,5.5501,5.1,5.12,7896187,5.47,5.5501,5.1,5.12,7896187,0.0,1.0
2024-01-05T00:00:00.000Z,5.4,5.615,5.36,5.45,5835688,5.4,5.615,5.36,5.45,5835688,0.0,1.0
2024-01-08T00:00:00.000Z,5.55,5.65,5.32,5.42,6530831,5.55,5.65,5.32,5.42,6530831,0.0,1.0
2024-01-09T00:00:00.000Z,5.45,5.67,5.4,5.66,6822537,5.45,5.67,5.4,5.66,6822537,0.0,1.0
2024-01-10T00:00:00.000Z,5.34,5.4783,5.27,5.45,5999249,5.34,5.4783,5.27,5.45,5999249,0.0,1.0
2024-01-11T00:00:00.000Z,5.16,5.32,5.06,5.3,6273160,5.16,5.32,5.06,5.3,6273160,0.0,1.0
2024-01-12T00:00:00.000Z,5.17,5.35,5.11,5.19,4361582,5.17,5.35,5.11,5.19,4361582,0.0,1.0
2024-01-16T00:00:00.000Z,4.94,5.16,4.88,5.11,6317870,4.94,5.16,4.88,5.11,6317870,0.0,1.0
2024-01-17T00:00:00.000Z,4.92,5.015,4.8555,4.9,4845566,4.92,5.015,4.8555,4.9,4845566,0.0,1.0
2024-01-18T00:00:00.000Z,4.85,5.05,4.77,5.0,4912931,4.85,5.05,4.77,5.0,4912931,0.0,1.0
2024-01-19T00:00:00.000Z,4.86,4.9,4.69,4.9,4340320,4.86,4.9,4.69,4.9,4340320,0.0,1.0
2024-01-22T00:00:00.000Z,5.05,5.07,4.85,4.9,5269768,5.05,5.07,4.85,4.9,5269768,0.0,1.0
2024-01-23T00:00:00.000Z,5.08,5.22,5.035,5.1,3484596,5.08,5.22,5.035,5.1,3484596,0.0,1.0
2024-01-24T00:00:00.000Z,5.03,5.245,4.97,5.17,3405418,5.03,5.245,4.97,5.17,3405418,0.0,1.0
2024-01-25T00:00:00.000Z,4.92,5.11,4.83,5.11,4034878,4.92,5.11,4.83,5.11,4034878,0.0,1.0
2024-01-26T00:00:00.000Z,4.88,5.02,4.85,4.94,2506188,4.88,5.02,4.85,4.94,2506188,0.0,1.0
2024-01-29T00:00:00.000Z,5.14,5.14,4.88,4.88,3040108,5.14,5.14,4.88,4.88,3040108,0.0,1.0
2024-01-30T00:00:00.000Z,4.98,5.11,4.92,5.08,3265772,4.98,5.11,4.92,5.08,3265772,0.0,1.0
2024-01-31T00:00:00.000Z,4.85,5.16,4.85,4.975,5797092,4.85,5.16,4.85,4.975,5797092,0.0,1.0
2024-02-01T00:00:00.000Z,4.02,4.29,3.89,4.19,61536960,4.02,4.29,3.89,4.19,61536960,0.0,1.0
2024-02-02T00:00:00.000Z,3.975,4.02,3.92,4.01,47872620,3.975,4.02,3.92,4.01,47872620,0.0,1.0
2024-02-05T00:00:00.000Z,4.07,4.11,3.95,3.98,11193080,4.07,4.11,3.95,3.98,11193080,0.0,1.0
2024-02-06T00:00:00.000Z,4.26,4.26,4.03,4.04,10817050,4.26,4.26,4.03,4.04,10817050,0.0,1.0
2024-02-07T00:00:00.000Z,4.27,4.47,4.19,4.29,8081276,4.27,4.47,4.19,4.29,8081276,0.0,1.0
2024-02-08T00:00:00.000Z,4.3,4.3594,4.23,4.28,6020072,4.3,4.3594,4.23,4.28,6020072,0.0,1.0
2024-02-09T00:00:00.000Z,4.34,4.42,4.24,4.39,6984726,4.34,4.42,4.24,4.39,6984726,0.0,1.0
2024-02-12T00:00:00.000Z,4.72,4.79,4.435,4.435,15404890,4.72,4.79,4.435,4.435,15404890,0.0,1.0
2024-02-13T00:00:00.000Z,4.44,4.65,4.38,4.58,8760413,4.44,4.65,4.38,4.58,8760413,0.0,1.0
2024-02-14T00:00:00.000Z,4.8,4.82,4.39,4.57,10111762,4.8,4.82,4.39,4.57,10111762,0.0,1.0
2024-02-15T00:00:00.000Z,4.89,5.035,4.8,4.875,8775648,4.89,5.035,4.8,4.875,8775648,0.0,1.0
2024-02-16T00:00:00.000Z,4.89,5.08,4.84,4.9,7296774,4.89,5.08,4.84,4.9,7296774,0.0,1.0
2024-02-20T00:00:00.000Z,4.83,5.1,4.79,4.92,7477612,4.83,5.1,4.79,4.92,7477612,0.0,1.0
2024-02-21T00:00:00.000Z,4.64,4.805,4.62,4.79,5457639,4.64,4.805,4.62,4.79,5457639,0.0,1.0
2024-02-22T00:00:00.000Z,4.44,4.75,4.43,4.71,8943699,4.44,4.75,4.43,4.71,8943699,0.0,1.0
2024-02-23T00:00:00.000Z,4.38,4.53,4.36,4.46,6560090,4.38,4.53,4.36,4.46,6560090,0.0,1.0
2024-02-26T00:00:00.000Z,4.57,4.6,4.35,4.39,7252731,4.57,4.6,4.35,4.39,7252731,0.0,1.0
2024-02-27T00:00:00.000Z,4.71,4.795,4.57,4.6,11001934,4.71,4.795,4.57,4.6,11001934,0.0,1.0
2024-02-28T00:00:00.000Z,4.59,4.77,4.11,4.42,11858753,4.59,4.77,4.11,4.42,11858753,0.0,1.0
2024-02-29T00:00:00.000Z,4.585,4.81,4.49,4.69,11037498,4.585,4.81,4.49,4.69,11037498,0.0,1.0
2024-03-01T00:00:00.000Z,4.54,4.67,4.5,4.63,5118678,4.54,4.67,4.5,4.63,5118678,0.0,1.0
2024-03-04T00:00:00.000Z,4.43,4.7,4.39,4.62,6287062,4.43,4.7,4.39,4.62,6287062,0.0,1.0
2024-03-05T00:00:00.000Z,4.24,4.39,4.17,4.39,8795502,4.24,4.39,4.17,4.39,8795502,0.0,1.0
2024-03-06T00:00:00.000Z,4.3,4.47,4.26,4.3,5275289,4.3,4.47,4.26,4.3,5275289,0.0,1.0
2024-03-07T00:00:00.000Z,4.43,4.44,4.29,4.34,4794905,4.43,4.44,4.29,4.34,4794905,0.0,1.0
2024-03-08T00:00:00.000Z,4.42,4.53,4.34,4.47,4892045,4.42,4.53,4.34,4.47,4892045,0.0,1.0
2024-03-11T00:00:00.000Z,4.48,4.725,4.44,4.44,7271263,4.48,4.725,4.44,4.44,7271263,0.0,1.0
2024-03-12T00:00:00.000Z,4.34,4.375,4.23,4.34,8452724,4.34,4.375,4.23,4.34,8452724,0.0,1.0
2024-03-13T00:00:00.000Z,4.29,4.45,4.285,4.34,7201403,4.29,4.45,4.285,4.34,7201403,0.0,1.0
2024-03-14T00:00:00.000Z,4.17,4.2975,4.11,4.28,7457184,4.17,4.2975,4.11,4.28,7457184,0.0,1.0
2024-03-15T00:00:00.000Z,4.12,4.27,4.11,4.14,14500671,4.12,4.27,4.11,4.14,14500671,0.0,1.0
2024-03-18T00:00:00.000Z,4.0,4.16,3.97,4.16,12878026,4.0,4.16,3.97,4.16,12878026,0.0,1.0
2024-03-19T00:00:00.000Z,4.06,4.1,3.98,4.0,6529396,4.06,4.1,3.98,4.0,6529396,0.0,1.0
2024-03-20T00:00:00.000Z,4.03,4.1,3.95,4.01,10242785,4.03,4.1,3.95,4.01,10242785,0.0,1.0
2024-03-21T00:00:00.000Z,4.09,4.28,4.05,4.11,8974064,4.09,4.28,4.05,4.11,8974064,0.0,1.0
2024-03-22T00:00:00.000Z,4.05,4.12,4.0,4.06,8715694,4.05,4.12,4.0,4.06,8715694,0.0,1.0
2024-03-25T00:00:00.000Z,4.08,4.2,4.06,4.07,4500139,4.08,4.2,4.06,4.07,4500139,0.0,1.0
2024-03-26T00:00:00.000Z,4.06,4.185,4.05,4.1,8577231,4.06,4.185,4.05,4.1,8577231,0.0,1.0
2024-03-27T00:00:00.000Z,4.14,4.15,4.05,4.1,4884037,4.14,4.15,4.05,4.1,4884037,0.0,1.0
2024-03-28T00:00:00.000Z,4.11,4.23,4.09,4.13,6250844,4.11,4.23,4.09,4.13,6250844,0.0,1.0
2024-04-01T00:00:00.000Z,4.08,4.14,4.03,4.13,5814457,4.08,4.14,4.03,4.13,5814457,0.0,1.0
2024-04-02T00:00:00.000Z,3.87,4.03,3.8332,4.03,12184520,3.87,4.03,3.8332,4.03,12184520,0.0,1.0
2024-04-03T00:00:00.000Z,3.88,3.95,3.8,3.9,7934789,3.88,3.95,3.8,3.9,7934789,0.0,1.0
2024-04-04T00:00:00.000Z,3.9,4.04,3.86,3.93,6553808,3.9,4.04,3.86,3.93,6553808,0.0,1.0
2024-04-05T00:00:00.000Z,3.8,3.92,3.78,3.91,9034503,3.8,3.92,3.78,3.91,9034503,0.0,1.0
2024-04-08T00:00:00.000Z,3.77,3.84,3.73,3.81,6256922,3.77,3.84,3.73,3.81,6256922,0.0,1.0
2024-04-09T00:00:00.000Z,3.84,3.92,3.78,3.84,5215162,3.84,3.92,3.78,3.84,5215162,0.0,1.0
2024-04-10T00:00:00.000Z,3.74,3.78,3.66,3.74,7771430,3.74,3.78,3.66,3.74,7771430,0.0,1.0
2024-04-11T00:00:00.000Z,3.86,3.955,3.78,3.83,7521131,3.86,3.955,3.78,3.83,7521131,0.0,1.0
2024-04-12T00:00:00.000Z,3.73,3.87,3.7,3.85,8803045,3.73,3.87,3.7,3.85,8803045,0.0,1.0
2024-04-15T00:00:00.000Z,3.53,3.785,3.51,3.76,15973752,3.53,3.785,3.51,3.76,15973752,0.0,1.0
2024-04-16T00:00:00.000Z,3.56,3.65,3.47,3.51,7230973,3.56,3.65,3.47,3.51,7230973,0.0,1.0
2024-04-17T00:00:00.000Z,3.57,3.66,3.54,3.58,4283854,3.57,3.66,3.54,3.58,4283854,0.0,1.0
2024-04-18T00:00:00.000Z,3.55,3.64,3.48,3.58,5011490,3.55,3.64,3.48,3.58,5011490,0.0,1.0
2024-04-19T00:00:00.000Z,3.55,3.62,3.51,3.53,5730346,3.55,3.62,3.51,3.53,5730346,0.0,1.0
2024-04-22T00:00:00.000Z,3.59,3.61,3.49,3.58,5642325,3.59,3.61,3.49,3.58,5642325,0.0,1.0
2024-04-23T00:00:00.000Z,3.68,3.78,3.575,3.58,5609680,3.68,3.78,3.575,3.58,5609680,0.0,1.0
2024-04-24T00:00:00.000Z,3.69,3.78,3.62,3.73,6095203,3.69,3.78,3.62,3.73,6095203,0.0,1.0
2024-04-25T00:00:00.000Z,3.65,3.685,3.56,3.66,5236162,3.65,3.685,3.56,3.66,5236162,0.0,1.0
2024-04-26T00:00:00.000Z,3.77,3.775,3.65,3.67,5016457,3.77,3.775,3.65,3.67,5016457,0.0,1.0
2024-04-29T00:00:00.000Z,3.8,3.83,3.73,3.81,3869197,3.8,3.83,3.73,3.81,3869197,0.0,1.0
2024-04-30T00:00:00.000Z,3.76,3.8351,3.71,3.82,7577561,3.76,3.8351,3.71,3.82,7577561,0.0,1.0
2024-05-01T00:00:00.000Z,3.85,3.98,3.72,3.76,9613338,3.85,3.98,3.72,3.76,9613338,0.0,1.0
2024-05-02T00:00:00.000Z,3.95,3.955,3.81,3.9,6283341,3.95,3.955,3.81,3.9,6283341,0.0,1.0
2024-05-03T00:00:00.000Z,4.0,4.08,3.96,4.0,5417240,4.0,4.08,3.96,4.0,5417240,0.0,1.0
2024-05-06T00:00:00.000Z,4.06,4.12,4.025,4.06,8227083,4.06,4.12,4.025,4.06,8227083,0.0,1.0
2024-05-07T00:00:00.000Z,3.97,3.99,3.655,3.9,17275471,3.97,3.99,3.655,3.9,17275471,0.0,1.0
2024-05-08T00:00:00.000Z,4.1,4.12,3.82,3.88,9529392,4.1,4.12,3.82,3.88,9529392,0.0,1.0
2024-05-09T00:00:00.000Z,4.26,4.3,4.11,4.128,7792433,4.26,4.3,4.11,4.128,7792433,0.0,1.0
2024-05-10T00:00:00.000Z,4.11,4.2,3.975,4.1,9940200,4.11,4.2,3.975,4.1,9940200,0.0,1.0
2024-05-13T00:00:00.000Z,4.16,4.46,4.15,4.16,10483204,4.16,4.46,4.15,4.16,10483204,0.0,1.0
2024-05-14T00:00:00.000Z,4.56,4.58,4.24,4.24,20583411,4.56,4.58,4.24,4.24,20583411,0.0,1.0
2024-05-15T00:00:00.000Z,4.34,4.64,4.315,4.6,11808231,4.34,4.64,4.315,4.6,11808231,0.0,1.0
2024-05-16T00:00:00.000Z,4.24,4.445,4.22,4.34,5501699,4.24,4.445,4.22,4.34,5501699,0.0,1.0
2024-05-17T00:00:00.000Z,4.25,4.3,4.18,4.24,4909704,4.25,4.3,4.18,4.24,4909704,0.0,1.0
2024-05-20T00:00:00.000Z,4.4,4.435,4.235,4.29,5456604,4.4,4.435,4.235,4.29,5456604,0.0,1.0
2024-05-21T00:00:00.000Z,4.46,4.53,4.35,4.38,5936252,4.46,4.53,4.35,4.38,5936252,0.0,1.0
2024-05-22T00:00:00.000Z,4.34,4.4895,4.28,4.47,4592586,4.34,4.4895,4.28,4.47,4592586,0.0,1.0
2024-05-23T00:00:00.000Z,4.22,4.38,4.18,4.36,5007321,4.22,4.38,4.18,4.36,5007321,0.0,1.0
2024-05-24T00:00:00.000Z,4.21,4.268,4.18,4.25,5153828,4.21,4.268,4.18,4.25,5153828,0.0,1.0
2024-05-28T00:00:00.000Z,4.39,4.47,4.24,4.25,7648444,4.39,4.47,4.24,4.25,7648444,0.0,1.0
2024-05-29T00:00:00.000Z,4.18,4.32,4.15,4.31,6190245,4.18,4.32,4.15,4.31,6190245,0.0,1.0
2024-05-30T00:00:00.000Z,4.33,4.38,4.1715,4.28,5056701,4.33,4.38,4.1715,4.28,5056701,0.0,1.0
2024-05-31T00:00:00.000Z,4.37,4.415,4.22,4.32,6454335,4.37,4.415,4.22,4.32,6454335,0.0,1.0
2024-06-03T00:00:00.000Z,4.33,4.45,4.26,4.4,4725074,4.33,4.45,4.26,4.4,4725074,0.0,1.0
2024-06-04T00:00:00.000Z,4.28,4.31,4.23,4.28,4188512,4.28,4.31,4.23,4.28,4188512,0.0,1.0
2024-06-05T00:00:00.000Z,4.44,4.44,4.26,4.33,4798638,4.44,4.44,4.26,4.33,4798638,0.0,1.0
2024-06-06T00:00:00.000Z,4.37,4.44,4.32,4.38,3247744,4.37,4.44,4.32,4.38,3247744,0.0,1.0
2024-06-07T00:00:00.000Z,4.44,4.44,4.28,4.31,4053558,4.44,4.44,4.28,4.31,4053558,0.0,1.0
2024-06-10T00:00:00.000Z,4.56,4.62,4.335,4.38,7097452,4.56,4.62,4.335,4.38,7097452,0.0,1.0
2024-06-11T00:00:00.000Z,4.57,4.6,4.41,4.55,6532693,4.57,4.6,4.41,4.55,6532693,0.0,1.0
2024-06-12T00:00:00.000Z,4.64,4.94,4.62,4.71,7816271,4.64,4.94,4.62,4.71,7816271,0.0,1.0
2024-06-13T00:00:00.000Z,4.55,4.705,4.5101,4.695,4704539,4.55,4.705,4.5101,4.695,4704539,0.0,1.0
2024-06-14T00:00:00.000Z,4.39,4.525,4.33,4.5,4803287,4.39,4.525,4.33,4.5,4803287,0.0,1.0
2024-06-17T00:00:00.000Z,4.34,4.375,4.195,4.35,7195189,4.34,4.375,4.195,4.35,7195189,0.0,1.0
2024-06-18T00:00:00.000Z,4.91,4.99,4.54,4.585,19721320,4.91,4.99,4.54,4.585,19721320,0.0,1.0
2024-06-20T00:00:00.000Z,4.8,4.965,4.67,4.935,12331665,4.8,4.965,4.67,4.935,12331665,0.0,1.0
2024-06-21T00:00:00.000Z,5.01,5.1,4.72,4.81,22081206,5.01,5.1,4.72,4.81,22081206,0.0,1.0
2024-06-24T00:00:00.000Z,4.83,5.16,4.75,5.08,11430276,4.83,5.16,4.75,5.08,11430276,0.0,1.0
2024-06-25T00:00:00.000Z,4.74,4.84,4.66,4.81,6000201,4.74,4.84,4.66,4.81,6000201,0.0,1.0
2024-06-26T00:00:00.000Z,4.76,4.8,4.67,4.68,4750625,4.76,4.8,4.67,4.68,4750625,0.0,1.0
2024-06-27T00:00:00.000Z,4.86,4.92,4.76,4.79,4011825,4.86,4.92,4.76,4.79,4011825,0.0,1.0
2024-06-28T00:00:00.000Z,4.8,4.95,4.705,4.9,15030062,4.8,4.95,4.705,4.9,15030062,0.0,1.0
2024-07-01T00:00:00.000Z,4.54,4.8,4.5,4.78,7074427,4.54,4.8,4.5,4.78,7074427,0.0,1.0
2024-07-02T00:00:00.000Z,4.61,4.65,4.49,4.51,5351873,4.61,4.65,4.49,4.51,5351873,0.0,1.0
2024-07-03T00:00:00.000Z,4.62,4.73,4.61,4.63,2711688,4.62,4.73,4.61,4.63,2711688,0.0,1.0
2024-07-05T00:00:00.000Z,4.88,4.88,4.64,4.65,4684030,4.88,4.88,4.64,4.65,4684030,0.0,1.0
2024-07-08T00:00:00.000Z,4.97,5.1195,4.92,4.97,5084109,4.97,5.1195,4.92,4.97,5084109,0.0,1.0
2024-07-09T00:00:00.000Z,5.08,5.085,4.91,4.97,4808148,5.08,5.085,4.91,4.97,4808148,0.0,1.0
2024-07-10T00:00:00.000Z,5.13,5.245,5.03,5.15,5289343,5.13,5.245,5.03,5.15,5289343,0.0,1.0
2024-07-11T00:00:00.000Z,5.33,5.35,5.15,5.22,7586807,5.33,5.35,5.15,5.22,7586807,0.0,1.0
2024-07-12T00:00:00.000Z,5.65,5.68,5.38,5.39,11371348,5.65,5.68,5.38,5.39,11371348,0.0,1.0
2024-07-15T00:00:00.000Z,5.72,5.765,5.36,5.59,8167875,5.72,5.765,5.36,5.59,8167875,0.0,1.0
2024-07-16T00:00:00.000Z,5.63,5.84,5.51,5.825,10333659,5.63,5.84,5.51,5.825,10333659,0.0,1.0
2024-07-17T00:00:00.000Z,5.45,5.605,5.34,5.45,10461493,5.45,5.605,5.34,5.45,10461493,0.0,1.0
2024-07-18T00:00:00.000Z,5.26,5.55,5.1901,5.5,6243974,5.26,5.55,5.1901,5.5,6243974,0.0,1.0
2024-07-19T00:00:00.000Z,5.2,5.36,5.15,5.26,3317965,5.2,5.36,5.15,5.26,3317965,0.0,1.0
2024-07-22T00:00:00.000Z,5.34,5.37,5.18,5.25,4040321,5.34,5.37,5.18,5.25,4040321,0.0,1.0
2024-07-23T00:00:00.000Z,5.4,5.5199,5.3,5.33,4069513,5.4,5.5199,5.3,5.33,4069513,0.0,1.0
2024-07-24T00:00:00.000Z,5.21,5.465,5.19,5.31,4038488,5.21,5.465,5.19,5.31,4038488,0.0,1.0
2024-07-25T00:00:00.000Z,5.25,5.4,5.09,5.12,5001933,5.25,5.4,5.09,5.12,5001933,0.0,1.0
2024-07-26T00:00:00.000Z,5.4,5.46,5.3,5.34,4424524,5.4,5.46,5.3,5.34,4424524,0.0,1.0
2024-07-29T00:00:00.000Z,5.32,5.5,5.2802,5.42,3932544,5.32,5.5,5.2802,5.42,3932544,0.0,1.0
2024-07-30T00:00:00.000Z,5.26,5.395,5.16,5.34,4324909,5.26,5.395,5.16,5.34,4324909,0.0,1.0
2024-07-31T00:00:00.000Z,5.24,5.45,5.21,5.3,5100743,5.24,5.45,5.21,5.3,5100743,0.0,1.0
2024-08-01T00:00:00.000Z,4.96,5.25,4.89,5.24,7307544,4.96,5.25,4.89,5.24,7307544,0.0,1.0
2024-08-02T00:00:00.000Z,4.81,4.86,4.65,4.71,8456408,4.81,4.86,4.65,4.71,8456408,0.0,1.0
2024-08-05T00:00:00.000Z,4.66,4.7401,4.2,4.25,7152084,4.66,4.7401,4.2,4.25,7152084,0.0,1.0
2024-08-06T00:00:00.000Z,4.715,4.86,4.625,4.81,4073573,4.715,4.86,4.625,4.81,4073573,0.0,1.0
2024-08-07T00:00:00.000Z,4.58,4.82,4.55,4.82,4765710,4.58,4.82,4.55,4.82,4765710,0.0,1.0
2024-08-08T00:00:00.000Z,4.77,4.93,4.63,4.68,7105058,4.77,4.93,4.63,4.68,7105058,0.0,1.0
2024-08-09T00:00:00.000Z,5.37,5.59,5.2,5.35,17827847,5.37,5.59,5.2,5.35,17827847,0.0,1.0
2024-08-12T00:00:00.000Z,5.39,5.54,5.18,5.41,7080554,5.39,5.54,5.18,5.41,7080554,0.0,1.0
2024-08-13T00:00:00.000Z,5.23,5.3,5.03,5.25,12138628,5.23,5.3,5.03,5.25,12138628,0.0,1.0
2024-08-14T00:00:00.000Z,5.18,5.35,5.16,5.27,4493585,5.18,5.35,5.16,5.27,4493585,0.0,1.0
2024-08-15T00:00:00.000Z,5.83,6.04,5.25,5.25,23961792,5.83,6.04,5.25,5.25,23961792,0.0,1.0
2024-08-16T00:00:00.000Z,6.56,7.1,5.92,6.27,74179892,6.56,7.1,5.92,6.27,74179892,0.0,1.0
2024-08-19T00:00:00.000Z,7.19,7.36,6.47,6.78,47084173,7.19,7.36,6.47,6.78,47084173,0.0,1.0
2024-08-20T00:00:00.000Z,6.65,7.258,6.6,7.25,27622924,6.65,7.258,6.6,7.25,27622924,0.0,1.0
2024-08-21T00:00:00.000Z,7.0,7.27,6.22,6.7,26839916,7.0,7.27,6.22,6.7,26839916,0.0,1.0
2024-08-22T00:00:00.000Z,6.84,7.26,6.83,7.0,22202441,6.84,7.26,6.83,7.0,22202441,0.0,1.0
2024-08-23T00:00:00.000Z,6.96,7.07,6.7624,6.99,14731078,6.96,7.07,6.7624,6.99,14731078,0.0,1.0
2024-08-26T00:00:00.000Z,6.74,6.97,6.51,6.96,13359443,6.74,6.97,6.51,6.96,13359443,0.0,1.0
2024-08-27T00:00:00.000Z,6.12,6.6,6.11,6.59,16090534,6.12,6.6,6.11,6.59,16090534,0.0,1.0
2024-08-28T00:00:00.000Z,6.09,6.25,5.96,6.02,12833299,6.09,6.25,5.96,6.02,12833299,0.0,1.0
2024-08-29T00:00:00.000Z,6.23,6.47,6.14,6.19,8084109,6.23,6.47,6.14,6.19,8084109,0.0,1.0
2024-08-30T00:00:00.000Z,6.27,6.49,6.22,6.24,8159281,6.27,6.49,6.22,6.24,8159281,0.0,1.0
2024-09-03T00:00:00.000Z,6.06,6.25,5.995,6.2,6921286,6.06,6.25,5.995,6.2,6921286,0.0,1.0
2024-09-04T00:00:00.000Z,6.34,6.47,6.02,6.02,9595557,6.34,6.47,6.02,6.02,9595557,0.0,1.0
2024-09-05T00:00:00.000Z,6.08,6.34,6.04,6.29,6214629,6.08,6.34,6.04,6.29,6214629,0.0,1.0
2024-09-06T00:00:00.000Z,5.81,6.2,5.74,6.11,9211303,5.81,6.2,5.74,6.11,9211303,0.0,1.0
2024-09-09T00:00:00.000Z,6.14,6.275,5.88,5.9,9684920,6.14,6.275,5.88,5.9,9684920,0.0,1.0
2024-09-10T00:00:00.000Z,6.15,6.17,5.96,6.14,6175742,6.15,6.17,5.96,6.14,6175742,0.0,1.0
2024-09-11T00:00:00.000Z,6.68,6.6987,6.15,6.18,13295217,6.68,6.6987,6.15,6.18,13295217,0.0,1.0
2024-09-12T00:00:00.000Z,6.86,7.05,6.63,6.68,13988565,6.86,7.05,6.63,6.68,13988565,0.0,1.0
2024-09-13T00:00:00.000Z,7.46,7.47,6.91,6.96,13806136,7.46,7.47,6.91,6.96,13806136,0.0,1.0
2024-09-16T00:00:00.000Z,7.37,7.526,7.17,7.47,13219562,7.37,7.526,7.17,7.47,13219562,0.0,1.0
2024-09-17T00:00:00.000Z,7.17,7.51,7.07,7.45,9184991,7.17,7.51,7.07,7.45,9184991,0.0,1.0
2024-09-18T00:00:00.000Z,7.12,7.5,7.1,7.15,11804502,7.12,7.5,7.1,7.15,11804502,0.0,1.0
2024-09-19T00:00:00.000Z,7.17,7.3701,7.0,7.33,10540491,7.17,7.3701,7.0,7.33,10540491,0.0,1.0
2024-09-20T00:00:00.000Z,7.47,7.72,7.13,7.15,22836028,7.47,7.72,7.13,7.15,22836028,0.0,1.0
2024-09-23T00:00:00.000Z,7.56,7.67,7.465,7.63,12454711,7.56,7.67,7.465,7.63,12454711,0.0,1.0
2024-09-24T00:00:00.000Z,7.59,7.615,7.275,7.58,9793424,7.59,7.615,7.275,7.58,9793424,0.0,1.0
2024-09-25T00:00:00.000Z,8.62,8.79,7.55,7.555,29464604,8.62,8.79,7.55,7.555,29464604,0.0,1.0
2024-09-26T00:00:00.000Z,8.69,8.98,8.6301,8.84,15727027,8.69,8.98,8.6301,8.84,15727027,0.0,1.0
2024-09-27T00:00:00.000Z,9.78,10.29,8.8426,8.87,39176855,9.78,10.29,8.8426,8.87,39176855,0.0,1.0
2024-09-30T00:00:00.000Z,9.73,10.15,9.52,9.87,20449882,9.73,10.15,9.52,9.87,20449882,0.0,1.0
2024-10-01T00:00:00.000Z,9.23,9.72,9.09,9.66,14756841,9.23,9.72,9.09,9.66,14756841,0.0,1.0
2024-10-02T00:00:00.000Z,9.71,9.76,8.8,8.96,15642571,9.71,9.76,8.8,8.96,15642571,0.0,1.0
2024-10-03T00:00:00.000Z,9.25,9.86,9.164,9.6,8922634,9.25,9.86,9.164,9.6,8922634,0.0,1.0
2024-10-04T00:00:00.000Z,9.8,10.01,9.42,9.515,10754750,9.8,10.01,9.42,9.515,10754750,0.0,1.0
2024-10-07T00:00:00.000Z,9.68,10.11,9.48,9.96,12518515,9.68,10.11,9.48,9.96,12518515,0.0,1.0
2024-10-08T00:00:00.000Z,9.41,10.14,9.362,9.6,12438522,9.41,10.14,9.362,9.6,12438522,0.0,1.0
2024-10-09T00:00:00.000Z,9.45,9.66,8.99,9.27,10854528,9.45,9.66,8.99,9.27,10854528,0.0,1.0
2024-10-10T00:00:00.000Z,9.39,9.5287,9.27,9.34,6877009,9.39,9.5287,9.27,9.34,6877009,0.0,1.0
2024-10-11T00:00:00.000Z,9.7,9.78,9.2,9.35,8278486,9.7,9.78,9.2,9.35,8278486,0.0,1.0
2024-10-14T00:00:00.000Z,9.88,10.11,9.66,9.92,14831171,9.88,10.11,9.66,9.92,14831171,0.0,1.0
2024-10-15T00:00:00.000Z,9.94,10.34,9.48,9.82,16863619,9.94,10.34,9.48,9.82,16863619,0.0,1.0
2024-10-16T00:00:00.000Z,11.19,11.19,9.98,10.03,26303545,11.19,11.19,9.98,10.03,26303545,0.0,1.0
2024-10-17T00:00:00.000Z,10.68,11.19,10.55,11.17,14503153,10.68,11.19,10.55,11.17,14503153,0.0,1.0
2024-10-18T00:00:00.000Z,10.81,11.0,10.48,10.765,10093113,10.81,11.0,10.48,10.765,10093113,0.0,1.0
2024-10-21T00:00:00.000Z,11.26,11.29,10.68,10.85,11021171,11.26,11.29,10.68,10.85,11021171,0.0,1.0
2024-10-22T00:00:00.000Z,11.16,11.5199,11.03,11.21,10455704,11.16,11.5199,11.03,11.21,10455704,0.0,1.0
2024-10-23T00:00:00.000Z,10.91,11.27,10.6498,11.16,10104856,10.91,11.27,10.6498,11.16,10104856,0.0,1.0
2024-10-24T00:00:00.000Z,11.19,12.085,11.005,11.005,16684242,11.19,12.085,11.005,11.005,16684242,0.0,1.0
2024-10-25T00:00:00.000Z,11.18,11.33,10.91,11.24,10553284,11.18,11.33,10.91,11.24,10553284,0.0,1.0
2024-10-28T00:00:00.000Z,11.26,11.47,11.0606,11.25,8443051,11.26,11.47,11.0606,11.25,8443051,0.0,1.0
2024-10-29T00:00:00.000Z,11.47,11.58,10.87,11.15,9573348,11.47,11.58,10.87,11.15,9573348,0.0,1.0
2024-10-30T00:00:00.000Z,10.96,11.63,10.95,11.35,9128508,10.96,11.63,10.95,11.35,9128508,0.0,1.0
2024-10-31T00:00:00.000Z,10.7,10.91,10.29,10.91,13057466,10.7,10.91,10.29,10.91,13057466,0.0,1.0
2024-11-01T00:00:00.000Z,11.42,11.5,10.85,10.9,11010849,11.42,11.5,10.85,10.9,11010849,0.0,1.0
2024-11-04T00:00:00.000Z,11.25,11.395,10.97,11.265,7701599,11.25,11.395,10.97,11.265,7701599,0.0,1.0
2024-11-05T00:00:00.000Z,11.81,11.85,11.28,11.34,8553958,11.81,11.85,11.28,11.34,8553958,0.0,1.0
2024-11-06T00:00:00.000Z,13.05,13.06,12.07,12.295,17747251,13.05,13.06,12.07,12.295,17747251,0.0,1.0
2024-11-07T00:00:00.000Z,13.46,13.89,13.08,13.5,15823830,13.46,13.89,13.08,13.5,15823830,0.0,1.0
2024-11-08T00:00:00.000Z,13.51,13.9,12.9,13.32,17769112,13.51,13.9,12.9,13.32,17769112,0.0,1.0
2024-11-11T00:00:00.000Z,14.78,15.24,14.01,14.64,27297214,14.78,15.24,14.01,14.64,27297214,0.0,1.0
2024-11-12T00:00:00.000Z,14.66,15.02,14.24,14.49,25153564,14.66,15.02,14.24,14.49,25153564,0.0,1.0
2024-11-13T00:00:00.000Z,18.83,22.55,18.65,19.24,121001251,18.83,22.55,18.65,19.24,121001251,0.0,1.0
2024-11-14T00:00:00.000Z,17.36,19.43,17.2505,19.43,45508969,17.36,19.43,17.2505,19.43,45508969,0.0,1.0
2024-11-15T00:00:00.000Z,19.0,19.48,16.8,17.03,42280047,19.0,19.48,16.8,17.03,42280047,0.0,1.0
2024-11-18T00:00:00.000Z,19.29,20.35,18.47,19.54,29165923,19.29,20.35,18.47,19.54,29165923,0.0,1.0
2024-11-19T00:00:00.000Z,20.5,20.97,18.72,19.025,28809562,20.5,20.97,18.72,19.025,28809562,0.0,1.0
2024-11-20T00:00:00.000Z,20.18,20.76,19.64,20.55,17269695,20.18,20.76,19.64,20.55,17269695,0.0,1.0
2024-11-21T00:00:00.000Z,22.41,22.48,19.75,20.4,28114890,22.41,22.48,19.75,20.4,28114890,0.0,1.0
2024-11-22T00:00:00.000Z,23.26,23.81,22.38,23.025,28378030,23.26,23.81,22.38,23.025,28378030,0.0,1.0
2024-11-25T00:00:00.000Z,24.06,25.5799,22.8202,25.385,40883178,24.06,25.5799,22.8202,25.385,40883178,0.0,1.0
2024-11-26T00:00:00.000Z,25.44,26.71,23.62,23.72,41464099,25.44,26.71,23.62,23.72,41464099,0.0,1.0
2024-11-27T00:00:00.000Z,25.67,27.2,24.73,25.895,26623100,25.67,27.2,24.73,25.895,26623100,0.0,1.0
2024-11-29T00:00:00.000Z,27.28,28.05,25.66,26.0,19870548,27.28,28.05,25.66,26.0,19870548,0.0,1.0
2024-12-02T00:00:00.000Z,24.155,28.1,24.0,27.975,41206917,24.155,28.1,24.0,27.975,41206917,0.0,1.0
2024-12-03T00:00:00.000Z,23.01,24.2599,22.5,23.8,30532442,23.01,24.2599,22.5,23.8,30532442,0.0,1.0
2024-12-04T00:00:00.000Z,23.11,24.0,22.34,22.95,23047128,23.11,24.0,22.34,22.95,23047128,0.0,1.0
2024-12-05T00:00:00.000Z,23.92,24.52,22.66,23.105,19910388,23.92,24.52,22.66,23.105,19910388,0.0,1.0
2024-12-06T00:00:00.000Z,24.68,25.0,23.43,24.425,19915408,24.68,25.0,23.43,24.425,19915408,0.0,1.0
2024-12-09T00:00:00.000Z,23.24,25.09,21.87,24.96,27871041,23.24,25.09,21.87,24.96,27871041,0.0,1.0
2024-12-10T00:00:00.000Z,22.85,24.4,22.8,22.85,12572951,22.85,24.4,22.8,22.85,12572951,0.0,1.0
2024-12-11T00:00:00.000Z,23.35,23.985,21.93,22.98,14544824,23.35,23.985,21.93,22.98,14544824,0.0,1.0
2024-12-12T00:00:00.000Z,22.58,23.96,22.33,22.92,13386699,22.58,23.96,22.33,22.92,13386699,0.0,1.0
2024-12-13T00:00:00.000Z,24.42,24.57,22.42,22.43,18758537,24.42,24.57,22.42,22.43,18758537,0.0,1.0
2024-12-16T00:00:00.000Z,25.9,25.95,23.35,24.465,19543689,25.9,25.95,23.35,24.465,19543689,0.0,1.0
2024-12-17T00:00:00.000Z,26.37,26.45,24.53,25.9,15277958,26.37,26.45,24.53,25.9,15277958,0.0,1.0
2024-12-18T00:00:00.000Z,22.92,26.78,22.89,26.28,21660874,22.92,26.78,22.89,26.28,21660874,0.0,1.0
2024-12-19T00:00:00.000Z,23.22,24.7,22.7,23.66,15541757,23.22,24.7,22.7,23.66,15541757,0.0,1.0
2024-12-20T00:00:00.000Z,24.87,25.29,22.01,22.14,25072884,24.87,25.29,22.01,22.14,25072884,0.0,1.0
2024-12-23T00:00:00.000Z,25.59,26.32,24.34,24.97,14463670,25.59,26.32,24.34,24.97,14463670,0.0,1.0
2024-12-24T00:00:00.000Z,26.6,26.6,25.09,25.57,8689609,26.6,26.6,25.09,25.57,8689609,0.0,1.0
2024-12-26T00:00:00.000Z,28.44,28.8,26.11,26.6,20056033,28.44,28.8,26.11,26.6,20056033,0.0,1.0
2024-12-27T00:00:00.000Z,27.22,28.71,26.74,28.21,15559153,27.22,28.71,26.74,28.21,15559153,0.0,1.0
2024-12-30T00:00:00.000Z,26.32,26.81,24.9,26.22,13775610,26.32,26.81,24.9,26.22,13775610,0.0,1.0
2024-12-31T00:00:00.000Z,25.47,26.88,25.18,26.54,13084832,25.47,26.88,25.18,26.54,13084832,0.0,1.0
2025-01-02T00:00:00.000Z,24.96,25.66,23.7,25.43,13792668,24.96,25.66,23.7,25.43,13792668,0.0,1.0
2025-01-03T00:00:00.000Z,28.74,28.77,25.025,25.025,22114682,28.74,28.77,25.025,25.025,22114682,0.0,1.0
2025-01-06T00:00:00.000Z,28.8,30.26,28.58,28.99,22305366,28.8,30.26,28.58,28.99,22305366,0.0,1.0
2025-01-07T00:00:00.000Z,27.95,29.96,27.42,29.13,19138758,27.95,29.96,27.42,29.13,19138758,0.0,1.0
2025-01-08T00:00:00.000Z,27.36,28.32,25.89,27.3,18750161,27.36,28.32,25.89,27.3,18750161,0.0,1.0
2025-01-10T00:00:00.000Z,26.91,27.99,26.01,26.85,15339962,26.91,27.99,26.01,26.85,15339962,0.0,1.0
